-- phpMyAdmin SQL Dump
-- version 5.1.0
-- https://www.phpmyadmin.net/
--
-- Host: 127.0.0.1
-- Gegenereerd op: 29 sep 2021 om 17:39
-- Serverversie: 10.4.19-MariaDB
-- PHP-versie: 8.0.6

SET SQL_MODE = "NO_AUTO_VALUE_ON_ZERO";
START TRANSACTION;
SET time_zone = "+00:00";


/*!40101 SET @OLD_CHARACTER_SET_CLIENT=@@CHARACTER_SET_CLIENT */;
/*!40101 SET @OLD_CHARACTER_SET_RESULTS=@@CHARACTER_SET_RESULTS */;
/*!40101 SET @OLD_COLLATION_CONNECTION=@@COLLATION_CONNECTION */;
/*!40101 SET NAMES utf8mb4 */;

--
-- Database: `library`
--

-- --------------------------------------------------------

--
-- Tabelstructuur voor tabel `admin`
--

CREATE TABLE `admin` (
  `id` int(11) NOT NULL,
  `FullName` varchar(100) DEFAULT NULL,
  `AdminEmail` varchar(120) DEFAULT NULL,
  `UserName` varchar(100) NOT NULL,
  `Password` varchar(100) NOT NULL,
  `updationDate` timestamp NOT NULL DEFAULT '0000-00-00 00:00:00' ON UPDATE current_timestamp()
) ENGINE=InnoDB DEFAULT CHARSET=latin1;

--
-- Gegevens worden geëxporteerd voor tabel `admin`
--

INSERT INTO `admin` (`id`, `FullName`, `AdminEmail`, `UserName`, `Password`, `updationDate`) VALUES
(1, 'Anuj Kumar', 'phpgurukulofficial@gmail.com', 'admin', 'f925916e2754e5e03f75dd58a5733251', '2017-07-16 18:11:42');

-- --------------------------------------------------------

--
-- Tabelstructuur voor tabel `tblauthors`
--

CREATE TABLE `tblauthors` (
  `id` int(11) NOT NULL,
  `AuthorName` varchar(159) DEFAULT NULL,
  `creationDate` timestamp NULL DEFAULT current_timestamp(),
  `UpdationDate` timestamp NULL DEFAULT NULL ON UPDATE current_timestamp()
) ENGINE=InnoDB DEFAULT CHARSET=latin1;

--
-- Gegevens worden geëxporteerd voor tabel `tblauthors`
--

INSERT INTO `tblauthors` (`id`, `AuthorName`, `creationDate`, `UpdationDate`) VALUES
(1, 'Anuj kumar', '2017-07-08 12:49:09', '2017-07-08 15:16:59'),
(2, 'Chetan Bhagatt', '2017-07-08 14:30:23', '2017-07-08 15:15:09'),
(3, 'Anita Desai', '2017-07-08 14:35:08', NULL),
(4, 'HC Verma', '2017-07-08 14:35:21', NULL),
(5, 'R.D. Sharma ', '2017-07-08 14:35:36', NULL),
(9, 'fwdfrwer', '2017-07-08 15:22:03', NULL),
(10, 'Yvonne Vera', '2021-09-29 13:58:00', NULL),
(11, 'The Caine Prize for African Writing', '2021-09-29 13:58:00', NULL),
(12, 'Roger D. Abrahams', '2021-09-29 13:58:00', NULL),
(13, 'Vincent Carretta', '2021-09-29 13:58:00', NULL),
(14, 'Esi Sutherland-Addy', '2021-09-29 13:58:00', NULL),
(15, 'The Caine The Caine Prize for African Writing', '2021-09-29 13:58:00', NULL),
(16, 'Bayo Ogunjimi', '2021-09-29 13:58:00', NULL),
(17, 'Marie-Chantal Kalisa', '2021-09-29 13:58:00', NULL),
(18, 'John William Johnson', '2021-09-29 13:58:00', NULL),
(19, 'Tony Martin', '2021-09-29 13:58:00', NULL),
(20, 'Various', '2021-09-29 13:58:00', NULL),
(21, 'Amandina Lihamba', '2021-09-29 13:58:00', NULL),
(22, 'Nobantu Rasebotsa', '2021-09-29 13:58:00', NULL),
(23, 'Kevin Powell', '2021-09-29 13:58:00', NULL),
(24, 'Werner Sollors', '2021-09-29 13:58:00', NULL),
(25, 'New Internationalist', '2021-09-29 13:58:00', NULL),
(26, 'McGraw-Hill', '2021-09-29 13:58:00', NULL),
(27, 'Gcina Mhlophe', '2021-09-29 13:58:00', NULL),
(28, 'Jacana Media', '2021-09-29 13:58:00', NULL),
(29, 'Sheila Meintjes', '2021-09-29 13:58:00', NULL),
(30, 'ValZrie Orlando', '2021-09-29 13:58:00', NULL),
(31, 'Kenneth W. Harrow', '2021-09-29 13:58:00', NULL),
(32, 'Anthonia C. Kalu', '2021-09-29 13:58:00', NULL),
(33, 'Toyin Falola', '2021-09-29 13:58:00', NULL),
(34, 'Monica Arac de Nyeko', '2021-09-29 13:58:00', NULL),
(35, 'Linda Rode', '2021-09-29 13:58:00', NULL),
(36, 'K. Limakatso Kendall', '2021-09-29 13:58:00', NULL),
(37, 'Lorenz Graham', '2021-09-29 13:58:00', NULL),
(38, 'Arja Salafranca', '2021-09-29 13:58:00', NULL),
(39, 'Isabel Balseiro', '2021-09-29 13:58:00', NULL),
(40, 'Valerie Key Orlando', '2021-09-29 13:58:00', NULL),
(41, 'Werner Sollors', '2021-09-29 13:58:00', NULL),
(42, 'Ron Padgett', '2021-09-29 13:58:00', NULL),
(43, 'Jon Stewart', '2021-09-29 13:58:00', NULL),
(44, 'Dave Eggers', '2021-09-29 13:58:00', NULL),
(45, 'Jon Stewart', '2021-09-29 13:58:00', NULL),
(46, 'Philip Smith', '2021-09-29 13:58:00', NULL),
(47, 'Wayne Franklin', '2021-09-29 13:58:00', NULL),
(48, 'David Wagoner', '2021-09-29 13:58:00', NULL),
(49, 'Joyce Carol Oates', '2021-09-29 13:58:00', NULL),
(50, 'Mary Oliver', '2021-09-29 13:58:00', NULL),
(51, 'Jerome Klinkowitz', '2021-09-29 13:58:00', NULL),
(52, 'Barnes &amp; Noble', '2021-09-29 13:58:00', NULL),
(53, 'Joan R. Sherman', '2021-09-29 13:58:00', NULL),
(54, 'Wally Lamb', '2021-09-29 13:58:00', NULL),
(55, 'Margaret Ferguson', '2021-09-29 13:58:00', NULL),
(56, 'Amy Gerstler', '2021-09-29 13:58:00', NULL),
(57, 'Henry Louis Gates Jr.', '2021-09-29 13:58:00', NULL),
(58, 'Dave Eggers', '2021-09-29 13:58:00', NULL),
(59, 'Lee Gutkind', '2021-09-29 13:58:00', NULL),
(60, 'Joyce Carol Oates', '2021-09-29 13:58:00', NULL),
(61, 'Hazel Felleman', '2021-09-29 13:58:00', NULL),
(62, 'Wayne Franklin', '2021-09-29 13:58:00', NULL),
(63, 'Margaret Ferguson', '2021-09-29 13:58:00', NULL),
(64, 'Henry Louis Gates Jr.', '2021-09-29 13:58:00', NULL),
(65, 'Helen Vendler', '2021-09-29 13:58:00', NULL),
(66, 'Elizabeth Hun Schmidt', '2021-09-29 13:58:00', NULL),
(67, 'Various', '2021-09-29 13:58:00', NULL),
(68, 'Barbara Parisi', '2021-09-29 13:58:00', NULL),
(69, 'Lori Foster', '2021-09-29 13:58:00', NULL),
(70, 'Roy J. Cook', '2021-09-29 13:58:00', NULL),
(71, 'J. D. McClatchy', '2021-09-29 13:58:00', NULL),
(72, 'R. S. Gwynn', '2021-09-29 13:58:00', NULL),
(73, 'Wally Lamb', '2021-09-29 13:58:00', NULL),
(74, 'Bill McKibben', '2021-09-29 13:58:00', NULL),
(75, 'Harold Bloom', '2021-09-29 13:58:00', NULL),
(76, 'Ian Frazier', '2021-09-29 13:58:00', NULL),
(77, 'Mary Frosch', '2021-09-29 13:58:00', NULL),
(78, 'Booker T. Washington', '2021-09-29 13:58:00', NULL),
(79, 'Nikki Giovanni', '2021-09-29 13:58:00', NULL),
(80, 'Joel Conarroe', '2021-09-29 13:58:00', NULL),
(81, 'Sandra M. Gilbert', '2021-09-29 13:58:00', NULL),
(82, 'Donna E. Norton', '2021-09-29 13:58:00', NULL),
(83, 'Hayden Carruth', '2021-09-29 13:58:00', NULL),
(84, 'A.L. Alexander', '2021-09-29 13:58:00', NULL),
(85, 'Paul Auster', '2021-09-29 13:58:00', NULL),
(86, 'Paula J. Carlson', '2021-09-29 13:58:00', NULL),
(87, 'George Perkins', '2021-09-29 13:58:00', NULL),
(88, 'Peter Schakel', '2021-09-29 13:58:00', NULL),
(89, 'Arnold Krupat', '2021-09-29 13:58:00', NULL),
(90, 'Peter Straub', '2021-09-29 13:58:00', NULL),
(91, 'Maria Mazziotti Gillan', '2021-09-29 13:58:00', NULL),
(92, 'Paula J. Carlson', '2021-09-29 13:58:00', NULL),
(93, 'James Leonard', '2021-09-29 13:58:00', NULL),
(94, 'Paul Lauter', '2021-09-29 13:58:00', NULL),
(95, 'David Lewis', '2021-09-29 13:58:00', NULL),
(96, 'Bert Hitchcock', '2021-09-29 13:58:00', NULL),
(97, 'Shane Weller', '2021-09-29 13:58:00', NULL),
(98, 'Donald McQuade', '2021-09-29 13:58:00', NULL),
(99, 'Margarite Fernandez Olmos', '2021-09-29 13:58:00', NULL),
(100, 'Camille T. Dungy', '2021-09-29 13:58:00', NULL),
(101, 'George McMichael', '2021-09-29 13:58:00', NULL),
(102, 'Martin Gardner', '2021-09-29 13:58:00', NULL),
(103, 'Harold Clurman', '2021-09-29 13:58:00', NULL),
(104, 'Sandra M. Gilbert', '2021-09-29 13:58:00', NULL),
(105, 'Phillip Lopate', '2021-09-29 13:58:00', NULL),
(106, 'Mary Oliver', '2021-09-29 13:58:00', NULL),
(107, 'Edward C. Goodman', '2021-09-29 13:58:00', NULL),
(108, 'David Wagoner', '2021-09-29 13:58:00', NULL),
(109, 'Robert Shapard', '2021-09-29 13:58:00', NULL),
(110, 'Arnold Adoff', '2021-09-29 13:58:00', NULL),
(111, 'William L. Andrews', '2021-09-29 13:58:00', NULL),
(112, 'Editors Of Mental Floss', '2021-09-29 13:58:00', NULL),
(113, 'Ann Charters', '2021-09-29 13:58:00', NULL),
(114, 'Annie Dillard', '2021-09-29 13:58:00', NULL),
(115, 'Philip Zaleski', '2021-09-29 13:58:00', NULL),
(116, 'Jerome Klinkowitz', '2021-09-29 13:58:00', NULL),
(117, 'John Schilb', '2021-09-29 13:58:00', NULL),
(118, 'Luis Valdez', '2021-09-29 13:58:00', NULL),
(119, 'Rebecca Mlynarczyk', '2021-09-29 13:58:00', NULL),
(120, 'Toni Press-Coffman', '2021-09-29 13:58:00', NULL),
(121, 'George Perkins', '2021-09-29 13:58:00', NULL),
(122, 'J. D. McClatchy', '2021-09-29 13:58:00', NULL),
(123, 'Lawrence Senelick', '2021-09-29 13:58:00', NULL),
(124, 'Tony Medina', '2021-09-29 13:58:00', NULL),
(125, 'Alan Kaufmann', '2021-09-29 13:58:00', NULL),
(126, 'Kenneth E. Hartman', '2021-09-29 13:58:00', NULL),
(127, 'Walter Mosley', '2021-09-29 13:58:00', NULL),
(128, 'Paula Gunn Allen', '2021-09-29 13:58:00', NULL),
(129, 'Emilie Buchwald', '2021-09-29 13:58:00', NULL),
(130, 'Molly O\'Neill', '2021-09-29 13:58:00', NULL),
(131, 'Nicholas Dawidoff', '2021-09-29 13:58:00', NULL),
(132, 'Cherrie Moraga', '2021-09-29 13:58:00', NULL),
(133, 'Texas Bix Bender', '2021-09-29 13:58:00', NULL),
(134, 'Paula J. Carlson', '2021-09-29 13:58:00', NULL),
(135, 'David Remnick', '2021-09-29 13:58:00', NULL),
(136, 'William Harmon', '2021-09-29 13:58:00', NULL),
(137, 'Harold Schechter', '2021-09-29 13:58:00', NULL),
(138, 'Ruth Peltason', '2021-09-29 13:58:00', NULL),
(139, 'Keith Gilyard', '2021-09-29 13:58:00', NULL),
(140, 'George McMichael', '2021-09-29 13:58:00', NULL),
(141, 'Kirk Curnutt', '2021-09-29 13:58:00', NULL),
(142, 'Elizabeth Schmidt', '2021-09-29 13:58:00', NULL),
(143, 'Sapphire', '2021-09-29 13:58:00', NULL),
(144, 'Ted Shine', '2021-09-29 13:58:00', NULL),
(145, 'Burton Raffel', '2021-09-29 13:58:00', NULL),
(146, 'Lawrence Buell', '2021-09-29 13:58:00', NULL),
(147, 'Jarvis Jay Masters', '2021-09-29 13:58:00', NULL),
(148, 'Lorrie Moore', '2021-09-29 13:58:00', NULL),
(149, 'Constance Rosenblum', '2021-09-29 13:58:00', NULL),
(150, 'Various', '2021-09-29 13:58:00', NULL),
(151, 'Cristina Garcia', '2021-09-29 13:58:00', NULL),
(152, 'Barbara Parisi', '2021-09-29 13:58:00', NULL),
(153, 'Paula Geyh', '2021-09-29 13:58:00', NULL),
(154, 'Lloyd Ultan', '2021-09-29 13:58:00', NULL),
(155, 'Brian Swann', '2021-09-29 13:58:00', NULL),
(156, 'William Nack', '2021-09-29 13:58:00', NULL),
(157, 'Nat Benchley', '2021-09-29 13:58:00', NULL),
(158, 'Will Eno', '2021-09-29 13:58:00', NULL),
(159, 'Mumia Abu-Jamal', '2021-09-29 13:58:00', NULL),
(160, 'Ann Kempner Fisher', '2021-09-29 13:58:00', NULL),
(161, 'Ilan Stavans', '2021-09-29 13:58:00', NULL),
(162, 'Susan Richards Shreve', '2021-09-29 13:58:00', NULL),
(163, 'Michael Chabon', '2021-09-29 13:58:00', NULL),
(164, 'D.B. Wyndham Lewis', '2021-09-29 13:58:00', NULL),
(165, 'George Perkins', '2021-09-29 13:58:00', NULL),
(166, 'Nicholas Coles', '2021-09-29 13:58:00', NULL),
(167, 'Edwidge Danticat', '2021-09-29 13:58:00', NULL),
(168, 'Susan Belasco', '2021-09-29 13:58:00', NULL),
(169, 'Steven Biel', '2021-09-29 13:58:00', NULL),
(170, 'John Brandi', '2021-09-29 13:58:00', NULL),
(171, 'H. Bruce Franklin', '2021-09-29 13:58:00', NULL),
(172, 'Adam Gopnik', '2021-09-29 13:58:00', NULL),
(173, 'Charles Wright', '2021-09-29 13:58:00', NULL),
(174, 'Honor Moore', '2021-09-29 13:58:00', NULL),
(175, 'Paula J. Carlson', '2021-09-29 13:58:00', NULL),
(176, 'Henry Louis Gates Jr.', '2021-09-29 13:58:00', NULL),
(177, 'William Nack', '2021-09-29 13:58:00', NULL),
(178, 'John Miller', '2021-09-29 13:58:00', NULL),
(179, 'James W. Pipkin', '2021-09-29 13:58:00', NULL),
(180, 'William E. Cain', '2021-09-29 13:58:00', NULL),
(181, 'Henry Lyman', '2021-09-29 13:58:00', NULL),
(182, 'Frank Finale', '2021-09-29 13:58:00', NULL),
(183, 'Madeleine L\'Engle', '2021-09-29 13:58:00', NULL),
(184, 'Robert Bly', '2021-09-29 13:58:00', NULL),
(185, 'David Lehman', '2021-09-29 13:58:00', NULL),
(186, 'Jack Kerouac', '2021-09-29 13:58:00', NULL),
(187, 'Roberto Santiago', '2021-09-29 13:58:00', NULL),
(188, 'Mary Frosch', '2021-09-29 13:58:00', NULL),
(189, 'Kenneth T. Jackson', '2021-09-29 13:58:00', NULL),
(190, 'Miriam Decosta-Willis', '2021-09-29 13:58:00', NULL),
(191, 'Robert Penn Warren', '2021-09-29 13:58:00', NULL),
(192, 'Barbara Parisi', '2021-09-29 13:58:00', NULL),
(193, 'David R. Roediger', '2021-09-29 13:58:00', NULL),
(194, 'Larry McMurtry', '2021-09-29 13:58:00', NULL),
(195, 'Clifford Chase', '2021-09-29 13:58:00', NULL),
(196, 'Paul Beatty', '2021-09-29 13:58:00', NULL),
(197, 'Jon Meacham', '2021-09-29 13:58:00', NULL),
(198, 'Kate Chopin', '2021-09-29 13:58:00', NULL),
(199, 'Lorraine Anderson', '2021-09-29 13:58:00', NULL),
(200, 'Paul Lauter', '2021-09-29 13:58:00', NULL),
(201, 'Various', '2021-09-29 13:58:00', NULL),
(202, 'June Jordan', '2021-09-29 13:58:00', NULL),
(203, 'Sandra M. Gilbert', '2021-09-29 13:58:00', NULL),
(204, 'Rebecca Shannonhouse', '2021-09-29 13:58:00', NULL),
(205, 'Jay Parini', '2021-09-29 13:58:00', NULL),
(206, 'George McMichael', '2021-09-29 13:58:00', NULL),
(207, 'Jill Ker Conway', '2021-09-29 13:58:00', NULL),
(208, 'Jean Yu-wen Shen Wu', '2021-09-29 13:58:00', NULL),
(209, 'Suzanne Jones', '2021-09-29 13:58:00', NULL),
(210, 'Zoe Trodd', '2021-09-29 13:58:00', NULL),
(211, 'Stewart O\'Nan', '2021-09-29 13:58:00', NULL),
(212, 'Gloria Bird', '2021-09-29 13:58:00', NULL),
(213, 'Jerome Klinkowitz', '2021-09-29 13:58:00', NULL),
(214, 'John Brereton', '2021-09-29 13:58:00', NULL),
(215, 'Brenda Knight', '2021-09-29 13:58:00', NULL),
(216, 'Alicia Gaspar De Alba', '2021-09-29 13:58:00', NULL),
(217, 'Frank Finale', '2021-09-29 13:58:00', NULL),
(218, 'Anne P. Rice', '2021-09-29 13:58:00', NULL),
(219, 'Mary K. DeShazer', '2021-09-29 13:58:00', NULL),
(220, 'Brian Charlesworth', '2021-09-29 13:58:00', NULL),
(221, 'Barbara Kingsolver', '2021-09-29 13:58:00', NULL),
(222, 'William Harmon', '2021-09-29 13:58:00', NULL),
(223, 'Dave Eggers', '2021-09-29 13:58:00', NULL),
(224, 'Lawrence Harbison', '2021-09-29 13:58:00', NULL),
(225, 'Michael S. Harper', '2021-09-29 13:58:00', NULL),
(226, 'Deirdre Mullane', '2021-09-29 13:58:00', NULL),
(227, 'Lawrence Harbison', '2021-09-29 13:58:00', NULL),
(228, 'Edward C. Goodman', '2021-09-29 13:58:00', NULL),
(229, 'Allen Mandelbaum', '2021-09-29 13:58:00', NULL),
(230, 'Ed Kittrell', '2021-09-29 13:58:00', NULL),
(231, 'Kevin Young', '2021-09-29 13:58:00', NULL),
(232, 'Carleen Brice', '2021-09-29 13:58:00', NULL),
(233, 'Cheryll Glotfelty', '2021-09-29 13:58:00', NULL),
(234, 'Joan Holden', '2021-09-29 13:58:00', NULL),
(235, 'Barbara H. Solomon', '2021-09-29 13:58:00', NULL),
(236, 'Glenn Young', '2021-09-29 13:58:00', NULL),
(237, 'John Christie', '2021-09-29 13:58:00', NULL),
(238, 'Stacy Bias', '2021-09-29 13:58:00', NULL),
(239, 'Cary Nelson', '2021-09-29 13:58:00', NULL),
(240, 'Caroline Kennedy', '2021-09-29 13:58:00', NULL),
(241, 'Joel Chandler Harris', '2021-09-29 13:58:00', NULL),
(242, 'Paul Lauter', '2021-09-29 13:58:00', NULL),
(243, 'Maxine Schwartz Seller', '2021-09-29 13:58:00', NULL),
(244, 'John C. Shields', '2021-09-29 13:58:00', NULL),
(245, 'Katherine V. Forrest', '2021-09-29 13:58:00', NULL),
(246, 'Julia Miles', '2021-09-29 13:58:00', NULL),
(247, 'Thomas Ferraro', '2021-09-29 13:58:00', NULL),
(248, 'Richard G. Newman', '2021-09-29 13:58:00', NULL),
(249, 'Joli Sandoz', '2021-09-29 13:58:00', NULL),
(250, 'Gene A. Jarrett', '2021-09-29 13:58:00', NULL),
(251, 'Elisabeth Mermann-Jozwiak', '2021-09-29 13:58:00', NULL),
(252, 'Davida Adedjouma', '2021-09-29 13:58:00', NULL),
(253, 'Judith Ranta', '2021-09-29 13:58:00', NULL),
(254, 'Arlene Hirschfelder', '2021-09-29 13:58:00', NULL),
(255, 'Robert Allen', '2021-09-29 13:58:00', NULL),
(256, 'Mark Kramer', '2021-09-29 13:58:00', NULL),
(257, 'Adam Gopnik', '2021-09-29 13:58:00', NULL),
(258, 'Joel Chandler Harris', '2021-09-29 13:58:00', NULL),
(259, 'Craft', '2021-09-29 13:58:00', NULL),
(260, 'Sandra Martz', '2021-09-29 13:58:00', NULL),
(261, 'Paul Hoover', '2021-09-29 13:58:00', NULL),
(262, 'Lorraine Anderson', '2021-09-29 13:58:00', NULL),
(263, 'Harold Holzer', '2021-09-29 13:58:00', NULL),
(264, 'Lesley Pratt Bannatyne', '2021-09-29 13:58:00', NULL),
(265, 'William E. Cain', '2021-09-29 13:58:00', NULL),
(266, 'Lawrence Rainey', '2021-09-29 13:58:00', NULL),
(267, 'Steven Gould Axelrod', '2021-09-29 13:58:00', NULL),
(268, 'Tey Diana Rebolledo', '2021-09-29 13:58:00', NULL),
(269, 'Lisa Morton', '2021-09-29 13:58:00', NULL),
(270, 'Ruthe Thompson', '2021-09-29 13:58:00', NULL),
(271, 'Robyn Warhol-Down', '2021-09-29 13:58:00', NULL),
(272, 'Steve Fishman', '2021-09-29 13:58:00', NULL),
(273, 'Jay Parini', '2021-09-29 13:58:00', NULL),
(274, 'Lawrence Harbison', '2021-09-29 13:58:00', NULL),
(275, 'Sascha Feinstein', '2021-09-29 13:58:00', NULL),
(276, 'D. L. Lepidus', '2021-09-29 13:58:00', NULL),
(277, 'William Kittredge', '2021-09-29 13:58:00', NULL),
(278, 'Robert Finch', '2021-09-29 13:58:00', NULL),
(279, 'H. Bruce Franklin', '2021-09-29 13:58:00', NULL),
(280, 'Robert Morneau', '2021-09-29 13:58:00', NULL),
(281, 'Paul Auster', '2021-09-29 13:58:00', NULL),
(282, 'Robert Coles', '2021-09-29 13:58:00', NULL),
(283, 'Sara Nickles', '2021-09-29 13:58:00', NULL),
(284, 'Laura Otis', '2021-09-29 13:58:00', NULL),
(285, 'Dept of Creative Writing', '2021-09-29 13:58:00', NULL),
(286, 'Kenneth E. Hartman', '2021-09-29 13:58:00', NULL),
(287, 'Richard Wright', '2021-09-29 13:58:00', NULL),
(288, 'Venetria Patton', '2021-09-29 13:58:00', NULL),
(289, 'Nicolas Kanellos', '2021-09-29 13:58:00', NULL),
(290, 'Various', '2021-09-29 13:58:00', NULL),
(291, 'Anne Waldman', '2021-09-29 13:58:00', NULL),
(292, 'Carmela Ciuraru', '2021-09-29 13:58:00', NULL),
(293, 'Chris Knutsen', '2021-09-29 13:58:00', NULL),
(294, 'Lawrence Harbison', '2021-09-29 13:58:00', NULL),
(295, 'David Lehman', '2021-09-29 13:58:00', NULL),
(296, 'Tony Hillerman', '2021-09-29 13:58:00', NULL),
(297, 'Jack Kerouac', '2021-09-29 13:58:00', NULL),
(298, 'Kai Wright', '2021-09-29 13:58:00', NULL),
(299, 'Kim Addonizio', '2021-09-29 13:58:00', NULL),
(300, 'Greg Guirard', '2021-09-29 13:58:00', NULL),
(301, 'Heather McHugh', '2021-09-29 13:58:00', NULL),
(302, 'Billy Collins', '2021-09-29 13:58:00', NULL),
(303, 'Philip Nel', '2021-09-29 13:58:00', NULL),
(304, 'David Lehman', '2021-09-29 13:58:00', NULL),
(305, 'Jack Hicks', '2021-09-29 13:58:00', NULL),
(306, 'Molly O\'Neill', '2021-09-29 13:58:00', NULL),
(307, 'William Saroyan', '2021-09-29 13:58:00', NULL),
(308, 'Jill Jepson', '2021-09-29 13:58:00', NULL),
(309, 'Henry Louis Gates Jr.', '2021-09-29 13:58:00', NULL),
(310, 'Judith Ortiz Cofer', '2021-09-29 13:58:00', NULL),
(311, 'Frances Payne Adler', '2021-09-29 13:58:00', NULL),
(312, 'William Chapman Sharpe', '2021-09-29 13:58:00', NULL),
(313, 'Various', '2021-09-29 13:58:00', NULL),
(314, 'Nathan Irvin Huggins', '2021-09-29 13:58:00', NULL),
(315, 'Carolyn Banks', '2021-09-29 13:58:00', NULL),
(316, 'William Craft', '2021-09-29 13:58:00', NULL),
(317, 'Caledonia Kearns', '2021-09-29 13:58:00', NULL),
(318, 'Benita Eisler', '2021-09-29 13:58:00', NULL),
(319, 'Amy Gerstler', '2021-09-29 13:58:00', NULL),
(320, 'Victoria Holder', '2021-09-29 13:58:00', NULL),
(321, 'Jeffrey D. Wilhelm', '2021-09-29 13:58:00', NULL),
(322, 'Joel Myerson', '2021-09-29 13:58:00', NULL),
(323, 'Sue Miller', '2021-09-29 13:58:00', NULL),
(324, 'Carolyn Banks', '2021-09-29 13:58:00', NULL),
(325, 'Vanessa Y. P&#233;rez Rosario', '2021-09-29 13:58:00', NULL),
(326, 'Allan Havis', '2021-09-29 13:58:00', NULL),
(327, 'John Gassner', '2021-09-29 13:58:00', NULL),
(328, 'James J. Gifford', '2021-09-29 13:58:00', NULL),
(329, 'Various', '2021-09-29 13:58:00', NULL),
(330, 'Tonya M. Stremlau', '2021-09-29 13:58:00', NULL),
(331, 'Ann Charters', '2021-09-29 13:58:00', NULL),
(332, 'Deborah De Nicola', '2021-09-29 13:58:00', NULL),
(333, 'Hazel Felleman', '2021-09-29 13:58:00', NULL),
(334, 'Dave Eggers', '2021-09-29 13:58:00', NULL),
(335, 'Arna Bontemps', '2021-09-29 13:58:00', NULL),
(336, 'Jay Atkinson', '2021-09-29 13:58:00', NULL),
(337, 'Toni Cade Bambara', '2021-09-29 13:58:00', NULL),
(338, 'Will Eno', '2021-09-29 13:58:00', NULL),
(339, 'Peter Straub', '2021-09-29 13:58:00', NULL),
(340, 'Harold Pinter', '2021-09-29 13:58:00', NULL),
(341, 'S. James Guitard', '2021-09-29 13:58:00', NULL),
(342, 'Arnold Rampersad', '2021-09-29 13:58:00', NULL),
(343, 'E. Lynn Harris', '2021-09-29 13:58:00', NULL),
(344, 'Louis Reyes Rivera', '2021-09-29 13:58:00', NULL),
(345, 'Julie Buckner Armstrong', '2021-09-29 13:58:00', NULL),
(346, 'David Bromwich', '2021-09-29 13:58:00', NULL),
(347, 'Lori Marie Carlson', '2021-09-29 13:58:00', NULL),
(348, 'Farcountry Press', '2021-09-29 13:58:00', NULL),
(349, 'Alexander Scourby', '2021-09-29 13:58:00', NULL),
(350, 'Terry Beers', '2021-09-29 13:58:00', NULL),
(351, 'Ben Hecht', '2021-09-29 13:58:00', NULL),
(352, 'Samuel Otter', '2021-09-29 13:58:00', NULL),
(353, 'Washington', '2021-09-29 13:58:00', NULL),
(354, 'Francisco Arag&#243;n', '2021-09-29 13:58:00', NULL),
(355, 'J. M. Huscher', '2021-09-29 13:58:00', NULL),
(356, 'Maureen Honey', '2021-09-29 13:58:00', NULL),
(357, 'Robert J. Higgs', '2021-09-29 13:58:00', NULL),
(358, 'David L. Ulin', '2021-09-29 13:58:00', NULL),
(359, 'Sandra Chastain', '2021-09-29 13:58:00', NULL),
(360, 'Alice Leccese Powers', '2021-09-29 13:58:00', NULL),
(361, 'Texas Bix Bender', '2021-09-29 13:58:00', NULL),
(362, 'Frances Smith Foster', '2021-09-29 13:58:00', NULL),
(363, 'Michele Volansky', '2021-09-29 13:58:00', NULL),
(364, 'Agnes Repplier', '2021-09-29 13:58:00', NULL),
(365, 'Crow', '2021-09-29 13:58:00', NULL),
(366, 'David Wagoner', '2021-09-29 13:58:00', NULL),
(367, 'Rajini Srikanth', '2021-09-29 13:58:00', NULL),
(368, 'Cyril Dabydeen', '2021-09-29 13:58:00', NULL),
(369, 'Yusef Komunyakaa', '2021-09-29 13:58:00', NULL),
(370, 'Martin Denton', '2021-09-29 13:58:00', NULL),
(371, 'Daniel Katz', '2021-09-29 13:58:00', NULL),
(372, 'Barbara Parisi', '2021-09-29 13:58:00', NULL),
(373, 'Dylan Rodriguez', '2021-09-29 13:58:00', NULL),
(374, 'Ralph Waldo Emerson', '2021-09-29 13:58:00', NULL),
(375, 'Aurora Levins Morales', '2021-09-29 13:58:00', NULL),
(376, 'Dana Gioia', '2021-09-29 13:58:00', NULL),
(377, 'Martin Denton', '2021-09-29 13:58:00', NULL),
(378, 'Carolyn Dunn', '2021-09-29 13:58:00', NULL),
(379, 'Jean Yu-wen Shen Wu', '2021-09-29 13:58:00', NULL),
(380, 'Daniel A. Olivas', '2021-09-29 13:58:00', NULL),
(381, 'Elaine Showalter', '2021-09-29 13:58:00', NULL),
(382, 'George Perkins', '2021-09-29 13:58:00', NULL),
(383, 'Dave Eggers', '2021-09-29 13:58:00', NULL),
(384, 'Heid E. Erdrich', '2021-09-29 13:58:00', NULL),
(385, 'Shawn Wong', '2021-09-29 13:58:00', NULL),
(386, 'Retha Powers', '2021-09-29 13:58:00', NULL),
(387, 'Jeffrey Eric Jenkins', '2021-09-29 13:58:00', NULL),
(388, 'Emma Forrest', '2021-09-29 13:58:00', NULL),
(389, 'Eduardo del Rio', '2021-09-29 13:58:00', NULL),
(390, 'Jay Parini', '2021-09-29 13:58:00', NULL),
(391, 'D. L. Lepidus', '2021-09-29 13:58:00', NULL),
(392, 'Tom Lynch', '2021-09-29 13:58:00', NULL),
(393, 'Steven Gould Axelrod', '2021-09-29 13:58:00', NULL),
(394, 'Lyn Di Iorio Sandin', '2021-09-29 13:58:00', NULL),
(395, 'Essex Hemphill', '2021-09-29 13:58:00', NULL),
(396, 'Guillermo Gomez-Pena', '2021-09-29 13:58:00', NULL),
(397, 'Garland', '2021-09-29 13:58:00', NULL),
(398, 'Steve Berman', '2021-09-29 13:58:00', NULL),
(399, 'Kevin Concannon', '2021-09-29 13:58:00', NULL),
(400, 'Martin Kohn', '2021-09-29 13:58:00', NULL),
(401, 'Holly Hill', '2021-09-29 13:58:00', NULL),
(402, 'Robert Attweiler', '2021-09-29 13:58:00', NULL),
(403, 'Patricia Liggins Hill', '2021-09-29 13:58:00', NULL),
(404, 'Gabriela Baeza Ventura', '2021-09-29 13:58:00', NULL),
(405, 'Woody Allen', '2021-09-29 13:58:00', NULL),
(406, 'Richard P. Horwitz', '2021-09-29 13:58:00', NULL),
(407, 'Julia Miles', '2021-09-29 13:58:00', NULL),
(408, 'Regina Marler', '2021-09-29 13:58:00', NULL),
(409, 'Rodolfo Gonzales', '2021-09-29 13:58:00', NULL);

-- --------------------------------------------------------

--
-- Tabelstructuur voor tabel `tblbooks`
--

CREATE TABLE `tblbooks` (
  `id` int(11) NOT NULL,
  `BookName` varchar(255) DEFAULT NULL,
  `CatId` int(11) DEFAULT NULL,
  `AuthorId` int(11) DEFAULT NULL,
  `ISBNNumber` bigint(11) DEFAULT NULL,
  `BookPrice` int(11) DEFAULT NULL,
  `RegDate` timestamp NULL DEFAULT current_timestamp(),
  `UpdationDate` timestamp NULL DEFAULT NULL ON UPDATE current_timestamp()
) ENGINE=InnoDB DEFAULT CHARSET=latin1;

--
-- Gegevens worden geëxporteerd voor tabel `tblbooks`
--

INSERT INTO `tblbooks` (`id`, `BookName`, `CatId`, `AuthorId`, `ISBNNumber`, `BookPrice`, `RegDate`, `UpdationDate`) VALUES
(1, 'PHP And MySql programming', 5, 1, 222333, 20, '2017-07-08 20:04:55', '2017-07-15 05:54:41'),
(3, 'physics', 6, 4, 1111, 15, '2017-07-08 20:17:31', '2017-07-15 06:13:17'),
(1204, 'Opening Spaces: An Anthology of Contemporary African Women\'s Writing', 5, 197, 9780435910105, 35, '2021-09-29 14:32:15', NULL),
(1205, 'The Caine Prize for African Writing 2010: 11th Annual Collection', 6, 288, 9781906523374, 45, '2021-09-29 14:32:15', NULL),
(1206, 'African Folktales', 7, 103, 9780394721170, 33, '2021-09-29 14:32:15', NULL),
(1207, 'Unchained Voices: An Anthology of Black Authors in the English-Speaking World of the Eighteenth Century', 7, 211, 9780813190761, 25, '2021-09-29 14:32:15', NULL),
(1208, 'Women Writing Africa: West Africa and the Sahel', 6, 168, 9781558615007, 22, '2021-09-29 14:32:15', NULL),
(1209, '10 Years of the Caine Prize for African Writing: Plus Coetzee, Gordimer, Achebe, Okri', 7, 311, 9781906523244, 19, '2021-09-29 14:32:15', NULL),
(1210, 'Introduction to African Oral Literature and Performance', 7, 222, 9781592211517, 39, '2021-09-29 14:32:15', NULL),
(1211, 'Violence in Francophone African and Caribbean Women\'s Literature', 6, 317, 9780803211025, 15, '2021-09-29 14:32:15', NULL),
(1212, 'Oral Epics from Africa', 7, 344, 9780253211101, 32, '2021-09-29 14:32:15', NULL),
(1213, 'African Fundamentalism: A Literary and Cultural Anthology of Garvey\'s Harlem Renaissance', 6, 128, 9780912469096, 49, '2021-09-29 14:32:15', NULL),
(1214, 'Land Apart: A South African Reader', 5, 157, 9780140100044, 35, '2021-09-29 14:32:15', NULL),
(1215, 'Women Writing Africa: The Eastern Region', 6, 198, 9781558615342, 40, '2021-09-29 14:32:15', NULL),
(1216, 'Nobody Ever Said AIDS: Poems and Stories from Southern Africa', 5, 362, 9780795701849, 30, '2021-09-29 14:32:15', NULL),
(1217, 'Step into a World: A Global Anthology of the New Black Literature', 6, 189, 9780471380603, 13, '2021-09-29 14:32:15', NULL),
(1218, 'An Anthology of Interracial Literature: Black-White Contacts in the Old World and the New', 7, 87, 9780814781432, 33, '2021-09-29 14:32:15', NULL),
(1219, 'The Caine Prize 2009: The Caine Prize for African Writing 10th Annual Collection', 5, 264, 9781906523145, 31, '2021-09-29 14:32:15', NULL),
(1220, 'Traditions in World Literature: Literature of Africa, Softcover Student Edition', 5, 217, 9780844212029, 46, '2021-09-29 14:32:15', NULL),
(1221, 'Love Child', 7, 218, 9781869140014, 46, '2021-09-29 14:32:15', NULL),
(1222, 'Seventh Street Alchemy 2004: A Selection of Works from the Caine Prize for African Writing', 7, 347, 9781770091450, 6, '2021-09-29 14:32:15', NULL),
(1223, 'Women Writing Africa: The Southern Region: Volume 1', 6, 275, 9781558614062, 11, '2021-09-29 14:32:15', NULL),
(1224, 'Of Suffocated Hearts and Tortured Souls: Seeking Subjecthood through Madness in Francophone Women\'s', 7, 277, 9780739105627, 19, '2021-09-29 14:32:15', NULL),
(1225, 'Less Than One and Double: A Feminist Reading of African Women\'s Writing', 4, 34, 9780325070254, 15, '2021-09-29 14:32:15', NULL),
(1226, 'The Rienner Anthology of African Literature', 7, 358, 9781588264916, 23, '2021-09-29 14:32:15', NULL),
(1227, 'Oral and Written Expressions of African Cultures', 7, 105, 9781594606472, 43, '2021-09-29 14:32:15', NULL),
(1228, 'Jambula Tree and other stories: The Caine Prize for African Writing 8th Annual Collection', 4, 394, 9781904456735, 11, '2021-09-29 14:32:15', NULL),
(1229, 'Up the Down Escalator', 5, 244, 9780795701061, 22, '2021-09-29 14:32:15', NULL),
(1230, 'Basali!: Stories by and about Women in Lesotho', 5, 127, 9780869809181, 10, '2021-09-29 14:32:15', NULL),
(1231, 'How God Fix Jonah', 5, 287, 9781563976988, 9, '2021-09-29 14:32:15', NULL),
(1232, 'Glass Jars among Trees', 7, 24, 9781919931234, 18, '2021-09-29 14:32:15', NULL),
(1233, 'Running Towards Us: New Writing from South Africa', 4, 353, 9780325002118, 23, '2021-09-29 14:32:15', NULL),
(1234, 'Of Suffocated Hearts And Tortured Souls', 5, 330, 9780739105634, 29, '2021-09-29 14:32:15', NULL),
(1235, 'An Anthology of Interracial Literature: Black-White Contacts in the Old World and the New', 7, 324, 9780814781449, 11, '2021-09-29 14:32:15', NULL),
(1236, 'Among the Blacks', 7, 379, 9780939691029, 41, '2021-09-29 14:32:15', NULL),
(1237, 'The Daily Show with Jon Stewart Presents Earth (the Book): A Visitor\'s Guide to the Human Race', 5, 148, 9780446579223, 16, '2021-09-29 14:32:15', NULL),
(1238, 'The Best American Nonrequired Reading 2010', 7, 62, 9780547241630, 26, '2021-09-29 14:32:15', NULL),
(1239, 'The Daily Show with Jon Stewart Presents Earth (the Book): A Visitor\'s Guide to the Human Race', 7, 308, 9781607886150, 12, '2021-09-29 14:32:15', NULL),
(1240, '100 Best-Loved Poems', 7, 326, 9780486285535, 21, '2021-09-29 14:32:15', NULL),
(1241, 'The Norton Anthology of American Literature, Shorter Seventh Edition, One-Volume Paperback', 6, 31, 9780393930573, 6, '2021-09-29 14:32:15', NULL),
(1242, 'The Best American Poetry 2009', 5, 164, 9781615521647, 50, '2021-09-29 14:32:15', NULL),
(1243, 'The Oxford Book of American Short Stories', 4, 186, 9780195092622, 29, '2021-09-29 14:32:15', NULL),
(1244, 'The Best American Essays 2009', 5, 318, 9780618982721, 16, '2021-09-29 14:32:15', NULL),
(1245, 'The Norton Anthology of American Literature, Package 2: Volumes C, D, and E', 5, 252, 9780393929942, 9, '2021-09-29 14:32:15', NULL),
(1246, 'Early African American Classics (Barnes &amp; Noble Classics Series)', 7, 372, 9781400500284, 22, '2021-09-29 14:32:15', NULL),
(1247, 'African-American Poetry: An Anthology, 1773-1930', 5, 88, 9780486296043, 16, '2021-09-29 14:32:15', NULL),
(1248, 'Couldn\'t Keep It to Myself: Testimonies from Our Imprisoned Sisters', 6, 325, 9780060595371, 11, '2021-09-29 14:32:15', NULL),
(1249, 'The Norton Anthology of Poetry, Shorter 5th Edition', 5, 202, 9780393979213, 45, '2021-09-29 14:32:15', NULL),
(1250, 'The Best American Poetry 2010', 4, 99, 9781439181454, 6, '2021-09-29 14:32:15', NULL),
(1251, 'Classic Slave Narratives: The Life of Olaudah Equiano, The History of Mary Prince, Narrative of the Life of Frederick Douglass, Incidents in the Life of a Slave Girl', 6, 234, 9780451528247, 32, '2021-09-29 14:32:15', NULL),
(1252, 'The Best American Nonrequired Reading 2009', 7, 182, 9780547241609, 16, '2021-09-29 14:32:15', NULL),
(1253, 'In Fact: The Best of Creative Nonfiction', 5, 253, 9780393326659, 23, '2021-09-29 14:32:15', NULL),
(1254, 'The Best American Essays of the Century', 6, 362, 9780618155873, 36, '2021-09-29 14:32:15', NULL),
(1255, 'The Best Loved Poems of the American People', 6, 289, 9780385000192, 9, '2021-09-29 14:32:15', NULL),
(1256, 'The Norton Anthology of American Literature: Volume A: Beginnings to 1820', 6, 171, 9780393927399, 8, '2021-09-29 14:32:15', NULL),
(1257, 'The Norton Anthology of Poetry', 5, 16, 9780393979206, 9, '2021-09-29 14:32:15', NULL),
(1258, 'The Norton Anthology of African American Literature, Vol. 2', 7, 127, 9780393977783, 50, '2021-09-29 14:32:15', NULL),
(1259, 'Poems, Poets, Poetry: An Introduction and Anthology', 7, 188, 9780312463199, 6, '2021-09-29 14:32:15', NULL),
(1260, 'The Poets Laureate Anthology', 6, 53, 9780393061819, 31, '2021-09-29 14:32:15', NULL),
(1261, 'The Portable Beat Reader', 6, 41, 9780142437537, 32, '2021-09-29 14:32:15', NULL),
(1262, 'The Best American Short Plays 2008-2009', 6, 58, 9781557837608, 37, '2021-09-29 14:32:15', NULL),
(1263, 'The Gift of Love', 5, 35, 9780425234280, 22, '2021-09-29 14:32:15', NULL),
(1264, 'One Hundred and One Famous Poems (Barnes &amp; Noble Library of Essential Reading)', 7, 377, 9781435114760, 37, '2021-09-29 14:32:15', NULL),
(1265, 'The Vintage Book of Contemporary American Poetry', 6, 8, 9781400030934, 37, '2021-09-29 14:32:15', NULL),
(1266, 'Literature: A Pocket Anthology', 5, 358, 9780205655106, 27, '2021-09-29 14:32:15', NULL),
(1267, 'I\'ll Fly Away: Further Testimonies from the Women of York Prison', 5, 339, 9780061626395, 32, '2021-09-29 14:32:15', NULL),
(1268, 'American Earth: Environmental Writing Since Thoreau', 4, 41, 9781598530209, 48, '2021-09-29 14:32:15', NULL),
(1269, 'Best Poems of the English Language: From Chaucer Through Robert Frost', 6, 61, 9780060540425, 19, '2021-09-29 14:32:15', NULL),
(1270, 'Humor Me: An Anthology of Funny Contemporary Writing (Plus Some Great Old Stuff Too)', 7, 162, 9780061728945, 28, '2021-09-29 14:32:15', NULL),
(1271, 'Coming of Age in America: A Multicultural Anthology', 6, 220, 9781565841475, 28, '2021-09-29 14:32:15', NULL),
(1272, 'Three African-American Classics: Up from Slavery, The Souls of Black Folk and Narrative of the Life of Frederick Douglass', 6, 275, 9780486457574, 27, '2021-09-29 14:32:15', NULL),
(1273, '100 Best African American Poems with CD', 5, 181, 9781402221118, 48, '2021-09-29 14:32:15', NULL),
(1274, 'Six American Poets: An Anthology', 5, 346, 9780679745259, 44, '2021-09-29 14:32:15', NULL),
(1275, 'Norton Anthology of Literature by Women: The Traditions in English', 7, 54, 9780393930153, 32, '2021-09-29 14:32:15', NULL),
(1276, 'Multicultural Children\'s Literature: Through the Eyes of Many Children', 7, 121, 9780135145289, 48, '2021-09-29 14:32:15', NULL),
(1277, 'The Voice That Is Great within Us: American Poetry of the Twentieth Century', 6, 276, 9780553262636, 33, '2021-09-29 14:32:15', NULL),
(1278, 'Poems That Touch the Heart', 5, 116, 9780385044011, 29, '2021-09-29 14:32:15', NULL),
(1279, 'I Thought My Father Was God: And Other True Tales from NPR\'s National Story Project', 6, 360, 9780312421007, 45, '2021-09-29 14:32:15', NULL),
(1280, 'Listening For God Rdr Vol 4', 6, 257, 9780806645773, 28, '2021-09-29 14:32:15', NULL),
(1281, 'The American Tradition in Literature (concise) book alone', 6, 333, 9780073384894, 27, '2021-09-29 14:32:15', NULL),
(1282, 'Approaching Literature: Writing, Reading, Thinking', 6, 127, 9780312452834, 23, '2021-09-29 14:32:15', NULL),
(1283, 'The Norton Anthology of American Literature: Volume C: 1865-1914', 5, 227, 9780393927412, 35, '2021-09-29 14:32:15', NULL),
(1284, 'American Fantastic Tales Boxed Set', 7, 164, 9781598530599, 34, '2021-09-29 14:32:15', NULL),
(1285, 'Unsettling America: An Anthology of Contemporary Multicultural Poetry', 4, 237, 9780140237788, 48, '2021-09-29 14:32:15', NULL),
(1286, 'Listening For God Reader, Vol 1', 6, 232, 9780806627151, 25, '2021-09-29 14:32:15', NULL),
(1287, 'Concise Anthology of American Literature', 4, 325, 9780205763108, 17, '2021-09-29 14:32:15', NULL),
(1288, 'The Heath Anthology of American Literature: Contemporary Period (1945 To The Present), Volume E', 7, 297, 9780547201801, 25, '2021-09-29 14:32:15', NULL),
(1289, 'The Portable Harlem Renaissance Reader', 7, 274, 9780140170368, 7, '2021-09-29 14:32:15', NULL),
(1290, 'American Short Stories', 4, 140, 9780321484895, 17, '2021-09-29 14:32:15', NULL),
(1291, 'Great Love Poems', 6, 361, 9780486272849, 19, '2021-09-29 14:32:15', NULL),
(1292, 'The Harper American Literature, Single Volume Edition', 7, 311, 9780321012692, 5, '2021-09-29 14:32:15', NULL),
(1293, 'The Latino Reader: An American Literary Tradition from 1542 to the Present', 7, 173, 9780395765289, 19, '2021-09-29 14:32:15', NULL),
(1294, 'Black Nature', 5, 244, 9780820334318, 9, '2021-09-29 14:32:15', NULL),
(1295, 'Anthology of American Literature Volume II', 6, 252, 9780132216470, 36, '2021-09-29 14:32:15', NULL),
(1296, 'Best Remembered Poems', 6, 375, 9780486271651, 48, '2021-09-29 14:32:15', NULL),
(1297, 'Nine Plays of the Modern Theater: Waiting for Godot; The Visit; Tango; The Caucasian Chalk Circle; The Balcony; Rhinoceros; American Buffalo; The Birthday Party; Rosencrantz and Guildenstern are Dead', 6, 341, 9780802150325, 7, '2021-09-29 14:32:15', NULL),
(1298, 'The Norton Anthology of Literature by Women: The Traditions in English, Vol. 2', 5, 298, 9780393930146, 39, '2021-09-29 14:32:15', NULL),
(1299, 'Writing New York: A Literary Anthology', 6, 39, 9781598530216, 44, '2021-09-29 14:32:15', NULL),
(1300, 'The Best American Essays 2009', 6, 28, 9781616836863, 14, '2021-09-29 14:32:15', NULL),
(1301, 'The Hudson River Valley Reader', 5, 205, 9781616823764, 47, '2021-09-29 14:32:15', NULL),
(1302, 'The Best American Poetry 2009', 5, 295, 9780743299770, 30, '2021-09-29 14:32:15', NULL),
(1303, 'Sudden Fiction Latino: Short-Short Stories from the United States and Latin America', 6, 384, 9780393336450, 25, '2021-09-29 14:32:15', NULL),
(1304, 'I Am the Darker Brother: An Anthology of Modern Poems by African Americans', 5, 34, 9780689808692, 7, '2021-09-29 14:32:15', NULL),
(1305, 'Classic American Autobiographies', 4, 145, 9780451529152, 35, '2021-09-29 14:32:15', NULL),
(1306, 'Mental Floss: Scatterbrained', 6, 298, 9780060882501, 50, '2021-09-29 14:32:15', NULL),
(1307, 'The Portable Sixties Reader', 5, 197, 9780142001943, 20, '2021-09-29 14:32:15', NULL),
(1308, 'Modern American Memoirs', 4, 127, 9780060927639, 10, '2021-09-29 14:32:15', NULL),
(1309, 'Best American Spiritual Writing 2007', 7, 91, 9780641974120, 12, '2021-09-29 14:32:15', NULL),
(1310, 'The Norton Anthology of American Literature: Volume D: 1914-1945', 4, 11, 9780393927429, 16, '2021-09-29 14:32:15', NULL),
(1311, 'Making Literature Matter: An Anthology for Readers and Writers', 7, 65, 9780312474911, 34, '2021-09-29 14:32:15', NULL),
(1312, 'Luis Valdez - Early Works: Actos, Bernabe and Pensamiento Serpentino', 7, 80, 9781558850033, 45, '2021-09-29 14:32:15', NULL),
(1313, 'In Our Own Words: Student Writers at Work', 6, 323, 9780521540285, 50, '2021-09-29 14:32:15', NULL),
(1314, 'Touch', 6, 165, 9780822220558, 11, '2021-09-29 14:32:15', NULL),
(1315, 'The American Tradition in Literature, Volume 1(book alone)', 6, 46, 9780077239046, 18, '2021-09-29 14:32:15', NULL),
(1316, 'The Four Seasons: Poems', 7, 104, 9780307268341, 19, '2021-09-29 14:32:15', NULL),
(1317, 'The American Stage: Writing on Theater from Washington Irving to Tony Kushner', 4, 266, 9781598530698, 29, '2021-09-29 14:32:15', NULL),
(1318, 'Bum Rush the Page: A Def Poetry Jam', 6, 207, 9780609808405, 42, '2021-09-29 14:32:15', NULL),
(1319, 'The Outlaw Bible of American Literature', 6, 289, 9781560255505, 14, '2021-09-29 14:32:15', NULL),
(1320, 'Mother California: A Story of Redemption Behind Bars', 4, 144, 9781934633946, 42, '2021-09-29 14:32:15', NULL),
(1321, 'The Best American Short Stories 2003', 6, 305, 9780618197330, 5, '2021-09-29 14:32:15', NULL),
(1322, 'Spider Woman\'s Granddaughters: Traditional Tales and Contemporary Writing by Native American Women', 4, 184, 9780449905081, 12, '2021-09-29 14:32:15', NULL),
(1323, 'Transforming a Rape Culture', 4, 186, 9781571312693, 29, '2021-09-29 14:32:15', NULL),
(1324, 'American Food Writing: An Anthology with Classic Recipes', 7, 112, 9781598530414, 49, '2021-09-29 14:32:15', NULL),
(1325, 'Baseball: A Literary Anthology', 4, 374, 9781931082099, 24, '2021-09-29 14:32:15', NULL),
(1326, 'Loving in the War Years: Lo que nunca paso por sus labios', 5, 88, 9780896086265, 24, '2021-09-29 14:32:15', NULL),
(1327, 'Don\'t Squat With Your Spurs On: A Cowboy\'s Guide to Life', 4, 255, 9781423606994, 10, '2021-09-29 14:32:15', NULL),
(1328, 'Listening For God Reader Volume 3', 6, 392, 9780806639628, 28, '2021-09-29 14:32:15', NULL),
(1329, 'Fierce Pajamas: An Anthology of Humor Writing from the New Yorker', 6, 348, 9780375761270, 29, '2021-09-29 14:32:15', NULL),
(1330, 'The Top 500 Poems', 5, 49, 9780231080286, 16, '2021-09-29 14:32:15', NULL),
(1331, 'True Crime: An American Anthology', 5, 226, 9781598530315, 44, '2021-09-29 14:32:15', NULL),
(1332, 'I Am Not My Breast Cancer: Women Talk Openly about Love and Sex, Hair Loss and Weight Gain, Mothers and Daughters, and Being a Woman with Breast Cancer', 5, 363, 9780061174070, 50, '2021-09-29 14:32:15', NULL),
(1333, 'African American Literature (Penguin Academics Series)', 7, 151, 9780321113412, 23, '2021-09-29 14:32:15', NULL),
(1334, 'Anthology of American Literature, Volume I', 6, 241, 9780205779390, 40, '2021-09-29 14:32:15', NULL),
(1335, 'The Heath Anthology of American Literature: Modern Period (1910?1945), Volume D', 4, 86, 9780547201948, 9, '2021-09-29 14:32:15', NULL),
(1336, 'Poems of New York', 6, 41, 9780375415043, 6, '2021-09-29 14:32:15', NULL),
(1337, 'American Dreams', 4, 62, 9780679767992, 30, '2021-09-29 14:32:15', NULL),
(1338, 'Black Theatre USA, V2: Plays by African Americans 1935-Today, Vol. 2', 7, 350, 9780684823072, 45, '2021-09-29 14:32:15', NULL),
(1339, 'The Signet Classic Book of American Short Stories', 7, 267, 9780451529633, 24, '2021-09-29 14:32:15', NULL),
(1340, 'The American Transcendentalists: Essential Writings', 4, 43, 9780812975093, 7, '2021-09-29 14:32:15', NULL),
(1341, 'Finding Freedom: Writings from Death Row', 4, 123, 9781881847083, 42, '2021-09-29 14:32:15', NULL),
(1342, 'The Best American Short Stories 2004', 4, 166, 9780618197354, 37, '2021-09-29 14:32:15', NULL),
(1343, 'New York Stories: The Best of the City Section of the New York Times', 4, 276, 9780814775721, 36, '2021-09-29 14:32:15', NULL),
(1344, 'Black Voices: An Anthology of African-American Literature', 6, 102, 9780451527820, 12, '2021-09-29 14:32:15', NULL),
(1345, 'Bordering Fires: The Vintage Book of Contemporary Mexican and Chicano/a Literature', 7, 101, 9781400077182, 44, '2021-09-29 14:32:15', NULL),
(1346, 'The Best American Short Plays 2007-2008', 7, 360, 9781557837493, 6, '2021-09-29 14:32:15', NULL),
(1347, 'Postmodern American Fiction: A Norton Anthology', 6, 269, 9780393316988, 40, '2021-09-29 14:32:15', NULL),
(1348, 'Bronx Accent: A Literary and Pictorial History of the Borough', 6, 106, 9780813538624, 34, '2021-09-29 14:32:15', NULL),
(1349, 'Native American Songs and Poems: An Anthology', 6, 180, 9780486294506, 19, '2021-09-29 14:32:15', NULL),
(1350, 'The Best American Sports Writing 2008', 4, 17, 9780618751181, 7, '2021-09-29 14:32:15', NULL),
(1351, 'The Lost Algonquin Round Table', 7, 291, 9781440151514, 12, '2021-09-29 14:32:15', NULL),
(1352, 'Thom Pain (based on nothing)', 4, 381, 9780822220763, 45, '2021-09-29 14:32:15', NULL),
(1353, 'Death Blossoms: Reflections from a Prisoner of Conscience', 7, 153, 9780896086999, 32, '2021-09-29 14:32:15', NULL),
(1354, 'B. O. O. B. S.: A Bunch of Outrageous Breast-Cancer Survivors Tell Their Stories of Courage, Hope and Healing', 4, 79, 9781581825237, 8, '2021-09-29 14:32:15', NULL),
(1355, 'Becoming Americans: Four Centuries of Immigrant Writing', 5, 220, 9781598530513, 49, '2021-09-29 14:32:15', NULL),
(1356, 'Dream Me Home Safely: Writers on Growing Up in America', 7, 351, 9780618379026, 28, '2021-09-29 14:32:15', NULL),
(1357, 'The Best American Short Stories 2005', 4, 182, 9780618427055, 8, '2021-09-29 14:32:15', NULL),
(1358, 'The Stuffed Owl: An Anthology of Bad Verse', 4, 258, 9781590170380, 32, '2021-09-29 14:32:15', NULL),
(1359, 'The American Tradition in Literature, Volume 2 (book alone)', 4, 381, 9780077239053, 30, '2021-09-29 14:32:15', NULL),
(1360, 'American Working-Class Literature: An Anthology', 6, 287, 9780195144567, 16, '2021-09-29 14:32:15', NULL),
(1361, 'The Butterfly\'s Way: Voices from the Haitian Dyaspora in the United States', 5, 282, 9781569472187, 17, '2021-09-29 14:32:15', NULL),
(1362, 'Bedford Anthology of American Literature: Volume Two: 1865 to Present', 6, 376, 9780312412081, 19, '2021-09-29 14:32:15', NULL),
(1363, 'Titanica: The Disaster of the Century in Poetry, Song and Prose', 7, 222, 9780393318739, 8, '2021-09-29 14:32:15', NULL),
(1364, 'The Unswept Path: Contemporary American Haiku', 7, 142, 9781893996380, 44, '2021-09-29 14:32:15', NULL),
(1365, 'The Vietnam War in American Stories, Songs, and Poems', 4, 44, 9780312115524, 46, '2021-09-29 14:32:15', NULL),
(1366, 'The Best American Essays 2008', 5, 246, 9780618983223, 32, '2021-09-29 14:32:15', NULL),
(1367, 'The Best American Poetry 2008', 7, 146, 9780743299756, 45, '2021-09-29 14:32:15', NULL),
(1368, 'Poems from the Women\'s Movement', 4, 104, 9781598530421, 31, '2021-09-29 14:32:15', NULL),
(1369, 'Listening for God: Contemporary Literature And The Life Of Faith: Volume 2', 4, 32, 9780806628448, 30, '2021-09-29 14:32:15', NULL),
(1370, 'The Norton Anthology of African American Literature', 7, 142, 9780393040012, 15, '2021-09-29 14:32:15', NULL),
(1371, 'The Best American Sports Writing 2008', 6, 258, 9781615580194, 49, '2021-09-29 14:32:15', NULL),
(1372, 'New Orleans Stories: Great Writers on the City', 7, 101, 9780811844949, 10, '2021-09-29 14:32:15', NULL),
(1373, 'Sporting Lives: Metaphor and Myth in American Sports', 4, 291, 9780826217790, 20, '2021-09-29 14:32:15', NULL),
(1374, 'American Literature, Volume II (Penguin Academics Series)', 4, 359, 9780321116246, 16, '2021-09-29 14:32:15', NULL),
(1375, 'After Frost: Anthol Poetry From N E', 6, 280, 9781558490413, 19, '2021-09-29 14:32:15', NULL),
(1376, 'To The Shore Once More, Volume II: A Journey Down The Jersey Shore; Prose, Poetry, And Works Of Art', 5, 28, 9780963290625, 8, '2021-09-29 14:32:15', NULL),
(1377, 'Winter Song: Christmas Readings', 7, 315, 9781573833325, 25, '2021-09-29 14:32:15', NULL),
(1378, 'Rag and Bone Shop of the Heart: A Poetry Anthology', 7, 250, 9780060924201, 12, '2021-09-29 14:32:15', NULL),
(1379, 'Oxford Book of American Poetry', 4, 205, 9780195162516, 12, '2021-09-29 14:32:15', NULL),
(1380, 'The Portable Jack Kerouac', 5, 5, 9780143105060, 9, '2021-09-29 14:32:15', NULL),
(1381, 'Boricuas: Influential Puerto Rican Writings--- An Anthology', 5, 15, 9780345395023, 49, '2021-09-29 14:32:15', NULL),
(1382, 'Coming of Age in the 21st Century', 5, 338, 9781595580559, 39, '2021-09-29 14:32:15', NULL),
(1383, 'Empire City: New York Through the Centuries', 7, 390, 9780231109093, 46, '2021-09-29 14:32:15', NULL),
(1384, 'Erotique Noire: Black Erotica', 6, 326, 9780385423090, 50, '2021-09-29 14:32:15', NULL),
(1385, 'Short Story Masterpieces', 4, 375, 9780440378648, 33, '2021-09-29 14:32:15', NULL),
(1386, 'The Best American Short Plays 2006-2007', 6, 113, 9781557837486, 22, '2021-09-29 14:32:15', NULL),
(1387, 'Black on White: Black Writers on What It Means to Be White', 6, 188, 9780805211146, 5, '2021-09-29 14:32:15', NULL),
(1388, 'In a Narrow Grave: Essays on Texas', 5, 193, 9780684868691, 19, '2021-09-29 14:32:15', NULL),
(1389, 'Queer 13: Lesbian and Gay Writers Recall Seventh Grade', 7, 395, 9780688171612, 14, '2021-09-29 14:32:15', NULL),
(1390, 'Hokum: An Anthology of African-American Humor', 7, 183, 9781596911482, 9, '2021-09-29 14:32:15', NULL),
(1391, 'Voices in Our Blood: America\'s Best on the Civil Rights Movement', 7, 58, 9780375758812, 17, '2021-09-29 14:32:15', NULL),
(1392, 'The Complete Works of Kate Chopin', 5, 46, 9780807131510, 22, '2021-09-29 14:32:15', NULL),
(1393, 'Literature and the Environment: A Reader on Nature and Culture', 5, 161, 9780321011497, 35, '2021-09-29 14:32:15', NULL),
(1394, 'The Heath Anthology of American Literature, Concise Edition', 6, 186, 9780618256631, 30, '2021-09-29 14:32:15', NULL),
(1395, 'Early American Writing', 5, 330, 9780140390872, 38, '2021-09-29 14:32:15', NULL),
(1396, 'Soulscript: A Collection of Classic African American Poetry', 7, 176, 9780767918466, 16, '2021-09-29 14:32:15', NULL),
(1397, 'The Norton Anthology of Literature by Women: The Traditions in English, Vol. 1', 7, 11, 9780393930139, 26, '2021-09-29 14:32:15', NULL),
(1398, 'Out of Her Mind: Women Writing on Madness', 5, 84, 9780375755026, 25, '2021-09-29 14:32:15', NULL),
(1399, 'The Wadsworth Themes American Literature Series, 1945-Present, Theme 18: Class Conflicts and the American Dream', 4, 72, 9781428262508, 5, '2021-09-29 14:32:15', NULL),
(1400, 'Concise Anthology of American Literature', 6, 157, 9780131937925, 9, '2021-09-29 14:32:15', NULL),
(1401, 'Written by Herself: Autobiographies of American Women', 6, 49, 9780679736332, 14, '2021-09-29 14:32:15', NULL),
(1402, 'Asian American Studies Now: A Critical Reader', 4, 269, 9780813545752, 25, '2021-09-29 14:32:15', NULL),
(1403, 'Growing Up in the South: An Anthology of Modern Southern Literature', 5, 162, 9780451528735, 25, '2021-09-29 14:32:15', NULL),
(1404, 'American Protest Literature', 5, 311, 9780674027633, 11, '2021-09-29 14:32:15', NULL),
(1405, 'The Vietnam Reader: The Definitive Collection of American Fiction and Nonfiction on the War', 7, 278, 9780385491181, 38, '2021-09-29 14:32:15', NULL),
(1406, 'Reinventing the Enemy\'s Language: Contemporary Native Women\'s Writings of North America', 6, 362, 9780393318289, 11, '2021-09-29 14:32:15', NULL),
(1407, 'The Norton Anthology of American Literature: Volume E: 1945 to the Present', 6, 5, 9780393927436, 18, '2021-09-29 14:32:15', NULL),
(1408, 'Living Literature: An Introduction to Fiction, Poetry, Drama', 7, 71, 9780321088994, 47, '2021-09-29 14:32:15', NULL),
(1409, 'Women of the Beat Generation: The Writers, Artists and Muses at the Heart of a Revolution', 4, 183, 9781573241380, 22, '2021-09-29 14:32:15', NULL),
(1410, 'La Llorona on the Longfellow Bridge: Poetry Y Otras Movidas', 5, 395, 9781558853997, 23, '2021-09-29 14:32:15', NULL),
(1411, 'To the Shore Once More: A Portrait Of The Jersey Shore; Prose, Poetry, and Works of Art', 6, 223, 9780963290618, 7, '2021-09-29 14:32:15', NULL),
(1412, 'Witnessing Lynching: American Writers Respond', 4, 115, 9780813533308, 30, '2021-09-29 14:32:15', NULL),
(1413, 'Longman Anthology of Women\'s Literature', 5, 253, 9780321010063, 7, '2021-09-29 14:32:15', NULL),
(1414, 'Elements of Evolutionary Genetics', 7, 19, 9780981519425, 37, '2021-09-29 14:32:15', NULL),
(1415, 'The Best American Short Stories 2001', 6, 49, 9780395926888, 5, '2021-09-29 14:32:15', NULL),
(1416, 'The Classic Hundred Poems: All-Time Favorites', 4, 42, 9780231112598, 36, '2021-09-29 14:32:15', NULL),
(1417, 'The Best American Nonrequired Reading 2007', 4, 198, 9780618902811, 9, '2021-09-29 14:32:15', NULL),
(1418, 'The Best New Playwrights 2009', 4, 261, 9781575257624, 17, '2021-09-29 14:32:15', NULL),
(1419, 'The Vintage Book of African American Poetry', 5, 10, 9780375703003, 30, '2021-09-29 14:32:15', NULL),
(1420, 'Crossing the Danger Water: Three Hundred Years of African-American Writing', 4, 195, 9780385422437, 38, '2021-09-29 14:32:15', NULL),
(1421, '2007: The Best Ten-Minute Plays for Two Actors', 7, 285, 9781575255897, 16, '2021-09-29 14:32:15', NULL),
(1422, 'The Hudson River Valley Reader', 6, 8, 9781604330373, 43, '2021-09-29 14:32:15', NULL),
(1423, 'Three Centuries of American Poetry', 4, 347, 9780553375183, 35, '2021-09-29 14:32:15', NULL),
(1424, 'Down Time: Great Writers on Diving', 4, 29, 9780965834445, 23, '2021-09-29 14:32:15', NULL),
(1425, 'Blues Poems (Everyman\'s Library Pocket Poets)', 4, 20, 9780375414589, 17, '2021-09-29 14:32:15', NULL),
(1426, 'Age Ain\'t Nothing But a Number: Black Women Explore Midlife', 4, 366, 9780807028230, 44, '2021-09-29 14:32:15', NULL),
(1427, 'Literary Nevada: Writings from the Silver State', 7, 156, 9780874177596, 17, '2021-09-29 14:32:15', NULL),
(1428, 'Nickel and Dimed', 6, 296, 9780822220428, 26, '2021-09-29 14:32:15', NULL),
(1429, 'The Haves and Have Nots: 30 Stories about Money and Class in America', 4, 45, 9780451527448, 30, '2021-09-29 14:32:15', NULL),
(1430, 'The Best American Short Plays 2003-2004', 7, 391, 9781557836960, 18, '2021-09-29 14:32:15', NULL),
(1431, 'Latino Boom: An Anthology of U. S. Latino Literature', 6, 39, 9780321093837, 8, '2021-09-29 14:32:15', NULL),
(1432, 'Up All Night: Adventures in Lesbian Sex', 6, 105, 9781555837471, 17, '2021-09-29 14:32:15', NULL),
(1433, 'Anthology of Modern American Poetry', 7, 285, 9780195122718, 49, '2021-09-29 14:32:15', NULL),
(1434, 'A Patriot\'S Handbook: Songs, Poems, Stories, And Speeches Celebrating The Land We Love', 4, 95, 9780786869183, 23, '2021-09-29 14:32:15', NULL),
(1435, 'Uncle Remus: His Songs and His Sayings', 7, 358, 9780877970606, 47, '2021-09-29 14:32:15', NULL),
(1436, 'The Heath Anthology of American Literature: Volume B: Early Nineteenth Century (1800-1865)', 6, 395, 9780618532988, 33, '2021-09-29 14:32:15', NULL),
(1437, 'Immigrant Women', 4, 300, 9780791419045, 45, '2021-09-29 14:32:15', NULL),
(1438, 'The American Aeneas: Classical Origins of the American Self', 5, 358, 9781572331327, 22, '2021-09-29 14:32:15', NULL),
(1439, 'Love, Castro Street: Reflections of San Francisco', 6, 198, 9781555839970, 5, '2021-09-29 14:32:15', NULL),
(1440, 'The Women\'s Project and Productions: The Best One-Act Plays, 1975-1999', 7, 398, 9781575252711, 26, '2021-09-29 14:32:15', NULL),
(1441, 'Feeling Italian: The Art of Ethnicity in America', 5, 25, 9780814727478, 15, '2021-09-29 14:32:15', NULL),
(1442, 'Pamphlets of Protest: An Anthology of Early African American Protest Literature, 1790-1860', 4, 12, 9780415924443, 16, '2021-09-29 14:32:15', NULL),
(1443, 'A Whole Other Ball Game: Women\'s Literature on Women\'s Sport', 5, 368, 9780374525217, 6, '2021-09-29 14:32:15', NULL),
(1444, 'A Companion to African American Literature', 4, 131, 9781405188623, 10, '2021-09-29 14:32:15', NULL),
(1445, 'Conversations with Mexican American Writers: Languages and Literatures in the Borderlands', 4, 81, 9781604732146, 25, '2021-09-29 14:32:15', NULL),
(1446, 'The Palm of My Heart: Poetry by African American Children', 5, 263, 9781880000762, 5, '2021-09-29 14:32:15', NULL),
(1447, 'Women and Children of the Mills: An Annotated Guide to Nineteenth-Century American Textile Factory Literature, Vol. 28', 5, 331, 9780313308604, 30, '2021-09-29 14:32:15', NULL),
(1448, 'Rising Voices', 4, 249, 9780804111676, 48, '2021-09-29 14:32:15', NULL),
(1449, 'Brotherman: The Odyssey of Black Men in America--an Anthology', 4, 229, 9780345383174, 20, '2021-09-29 14:32:15', NULL),
(1450, 'Literary Journalism: A New Collection of the Best American Nonfiction', 5, 18, 9780345382221, 35, '2021-09-29 14:32:15', NULL),
(1451, 'Americans in Paris: A Literary Anthology', 4, 336, 9781931082563, 38, '2021-09-29 14:32:15', NULL),
(1452, 'Uncle Remus: His Songs and His Sayings', 7, 179, 9780140390148, 16, '2021-09-29 14:32:15', NULL),
(1453, 'Running a Thousand Miles for Freedom: The Escape of William and Ellen Craft from Slavery', 6, 154, 9780820321042, 38, '2021-09-29 14:32:15', NULL),
(1454, 'If I Had My Life to Live Over', 4, 171, 9780918949257, 26, '2021-09-29 14:32:15', NULL),
(1455, 'Postmodern American Poetry: A Norton Anthology', 5, 376, 9780393310900, 25, '2021-09-29 14:32:15', NULL),
(1456, 'Sisters of the Earth: Women\'s Prose and Poetry About Nature', 7, 77, 9781400033218, 37, '2021-09-29 14:32:15', NULL),
(1457, 'The Lincoln Anthology: Great Writers on His Life and Legacy from 1860 to Now', 5, 186, 9781598530339, 45, '2021-09-29 14:32:15', NULL),
(1458, 'Halloween Reader: Poems, Stories, and Plays from Halloweens Past', 5, 269, 9781589801769, 6, '2021-09-29 14:32:15', NULL),
(1459, 'American Literature (Penguin Academics Series), Vol. 1', 6, 344, 9780321116239, 33, '2021-09-29 14:32:15', NULL),
(1460, 'Modernism: An Anthology', 7, 51, 9780631204497, 36, '2021-09-29 14:32:15', NULL),
(1461, 'The New Anthology of American Poetry: Volume II: Modernisms: 1900-1950', 7, 121, 9780813531649, 25, '2021-09-29 14:32:15', NULL),
(1462, 'Infinite Divisions: An Anthology of Chicana Literature', 7, 256, 9780816513840, 39, '2021-09-29 14:32:15', NULL),
(1463, 'A Hallowe\'en Anthology: Literary and Historical Writings over the Centuries', 6, 16, 9780786436842, 47, '2021-09-29 14:32:15', NULL),
(1464, 'Sticks and Stones and Other Student Essays', 5, 65, 9780312596224, 17, '2021-09-29 14:32:15', NULL),
(1465, 'Women\'s Worlds: The Mcgraw-Hill Anthology of Women\'s Writing', 4, 173, 9780072564020, 31, '2021-09-29 14:32:15', NULL),
(1466, 'New York Stories: The Best Writing from Four Decades of New York Magazine', 5, 97, 9780812979923, 7, '2021-09-29 14:32:15', NULL),
(1467, 'The Columbia Anthology of American Poetry', 5, 336, 9780231081221, 49, '2021-09-29 14:32:15', NULL),
(1468, 'New Playwrights: The Best Plays of 2008', 5, 5, 9781575256184, 28, '2021-09-29 14:32:15', NULL),
(1469, 'The Jazz Poetry Anthology', 6, 13, 9780253206374, 23, '2021-09-29 14:32:15', NULL),
(1470, 'New Playwrights: The Best Plays of 2006', 6, 184, 9781575255590, 50, '2021-09-29 14:32:15', NULL),
(1471, 'The Last Best Place: A Montana Anthology', 4, 392, 9780295969749, 27, '2021-09-29 14:32:15', NULL),
(1472, 'A Place Apart: A Cape Cod Reader', 5, 185, 9780881508598, 6, '2021-09-29 14:32:15', NULL),
(1473, 'Prison Writings in 20th-Century America', 7, 87, 9780140273052, 29, '2021-09-29 14:32:15', NULL),
(1474, 'The Color of Gratitude: And Other Spiritual Surprises', 5, 286, 9781570758461, 31, '2021-09-29 14:32:15', NULL),
(1475, 'I Thought My Father Was God: And Other True Tales from NPR\'s National Story Project', 5, 252, 9780060874117, 14, '2021-09-29 14:32:15', NULL),
(1476, 'Growing up Poor: A Literary Anthology', 5, 259, 9781565847446, 27, '2021-09-29 14:32:15', NULL),
(1477, 'Drinking, Smoking and Screwing: Great Writers on Good Times', 4, 203, 9780811807845, 16, '2021-09-29 14:32:15', NULL),
(1478, 'Literature and Science in the Nineteenth Century: An Anthology', 6, 240, 9780199554652, 25, '2021-09-29 14:32:15', NULL),
(1479, 'Show &amp; Tell: Writers on Writing, Sixth Edition', 6, 15, 9780982338209, 31, '2021-09-29 14:32:15', NULL),
(1480, 'Mother California: A Story of Redemption Behind Bars', 5, 294, 9781934633199, 35, '2021-09-29 14:32:15', NULL),
(1481, 'Richard Wright: Later Works (Black Boy, American Hunger, The Outsider)', 4, 357, 9780940450677, 47, '2021-09-29 14:32:15', NULL),
(1482, 'Double-Take: A Revisionist Harlem Renaissance Anthology', 5, 306, 9780813529301, 36, '2021-09-29 14:32:15', NULL),
(1483, 'Hispanic-American Literature: A Brief Introduction and Anthology', 6, 80, 9780673469564, 30, '2021-09-29 14:32:15', NULL),
(1484, 'Nineteenth-Century American Poetry', 5, 164, 9780140435870, 19, '2021-09-29 14:32:15', NULL),
(1485, 'The Beat Book: Writings from the Beat Generation', 5, 66, 9781590304556, 35, '2021-09-29 14:32:15', NULL),
(1486, 'Beat Poets', 5, 159, 9780375413322, 18, '2021-09-29 14:32:15', NULL),
(1487, 'Brooklyn Was Mine', 6, 396, 9781594482823, 49, '2021-09-29 14:32:15', NULL),
(1488, 'New Playwrights: The Best Plays of 2007', 4, 101, 9781575255910, 24, '2021-09-29 14:32:15', NULL),
(1489, 'The Best American Erotic Poems: From 1800 to the Present', 4, 371, 9781416537465, 35, '2021-09-29 14:32:15', NULL),
(1490, 'The Best of the West: An Anthology of Classic Writing from the American West', 6, 101, 9780060923525, 11, '2021-09-29 14:32:15', NULL),
(1491, 'Atop an Underwood: Early Stories and Other Writings', 4, 51, 9780140296396, 9, '2021-09-29 14:32:15', NULL),
(1492, 'The African American Experience: Black History and Culture Through Speeches, Letters, Editorials, Poems, Songs, and Stories', 6, 136, 9781579127732, 16, '2021-09-29 14:32:15', NULL),
(1493, 'Best New Poets: 50 Poems from Emerging Writers', 7, 370, 9780976629641, 21, '2021-09-29 14:32:15', NULL),
(1494, 'Inherit the Atchafalaya', 7, 296, 9781887366762, 46, '2021-09-29 14:32:15', NULL),
(1495, 'The Best American Poetry 2007', 7, 2, 9780743299732, 19, '2021-09-29 14:32:15', NULL),
(1496, 'The Best American Poetry 2006', 5, 97, 9780743257596, 40, '2021-09-29 14:32:15', NULL),
(1497, 'Tales for Little Rebels: A Collection of Radical Children\'s Literature', 4, 257, 9780814757215, 37, '2021-09-29 14:32:15', NULL),
(1498, 'Great American Prose Poems', 4, 357, 9780743243506, 37, '2021-09-29 14:32:15', NULL),
(1499, 'The Literature of California, Volume 1: Native American Beginnings to 1945', 6, 252, 9780520222120, 13, '2021-09-29 14:32:15', NULL),
(1500, 'American Food Writing: An Anthology with Classic Recipes', 6, 226, 9781598530056, 16, '2021-09-29 14:32:15', NULL),
(1501, 'Essential Saroyan', 4, 43, 9781597140010, 50, '2021-09-29 14:32:15', NULL),
(1502, 'No Walls of Stone: An Anthology of Literature by Deaf and Hard of Hearing Writers', 4, 307, 9781563680199, 16, '2021-09-29 14:32:15', NULL),
(1503, 'Pioneers of the Black Atlantic: Five Slave Narratives from the Enlightenment, 1772-1815', 5, 3, 9781887178983, 43, '2021-09-29 14:32:15', NULL),
(1504, 'Riding Low on Streets of Gold', 4, 333, 9781558853805, 37, '2021-09-29 14:32:15', NULL),
(1505, 'Fire and Ink: An Anthology of Social Action Writing', 4, 111, 9780816527939, 11, '2021-09-29 14:32:15', NULL),
(1506, 'New York Nocturne: The City After Dark in Literature, Painting, and Photography, 1850-1950', 4, 303, 9780691133249, 23, '2021-09-29 14:32:15', NULL),
(1507, 'Poets of World War II', 6, 51, 9781931082334, 35, '2021-09-29 14:32:15', NULL),
(1508, 'Voices from the Harlem Renaissance', 4, 184, 9780195093605, 24, '2021-09-29 14:32:15', NULL),
(1509, 'A Loving Voice II: A Caregiver\'s Book of More Read-Aloud Stories for the Elderly', 4, 305, 9780914783701, 8, '2021-09-29 14:32:15', NULL),
(1510, 'Running a Thousand Miles for Freedom: The Escape of William and Ellen Craft from Slavery', 5, 334, 9780807123201, 50, '2021-09-29 14:32:15', NULL),
(1511, 'Motherland: Writings by Irish American Women about Mothers and Daughters', 6, 91, 9780688175863, 28, '2021-09-29 14:32:15', NULL),
(1512, 'The Lowell Offering: Writings by New England Mill Women (1840-1845)', 6, 221, 9780393316858, 46, '2021-09-29 14:32:15', NULL),
(1513, 'The Best American Poetry 2010', 5, 177, 9781439181478, 33, '2021-09-29 14:32:15', NULL),
(1514, 'Inside Out/Outside In: Exploring American Literature', 4, 60, 9780395986059, 37, '2021-09-29 14:32:15', NULL),
(1515, 'Glencoe Literature: American Literature: The Reader\'s Choice', 5, 358, 9780078454813, 7, '2021-09-29 14:32:15', NULL),
(1516, 'Transcendentalism: A Reader', 6, 362, 9780195122138, 27, '2021-09-29 14:32:15', NULL),
(1517, 'The Best American Short Stories 2002', 6, 342, 9780618131730, 26, '2021-09-29 14:32:15', NULL),
(1518, 'A Loving Voice: A Caregiver\'s Book of Read-Aloud Stories for the Elderly', 7, 104, 9780914783596, 6, '2021-09-29 14:32:15', NULL),
(1519, 'Hispanic Caribbean Literature of Migration: Narratives of Displacement', 7, 255, 9780230620650, 15, '2021-09-29 14:32:15', NULL),
(1520, 'American Political Plays after 9/11', 7, 266, 9780809329540, 31, '2021-09-29 14:32:15', NULL),
(1521, 'Best Plays of the Early American Theatre, 1787-1911', 6, 219, 9780486410982, 38, '2021-09-29 14:32:15', NULL),
(1522, 'Glances Backward: An Anthology of American Homosexual Writing, 1830-1920', 4, 192, 9781551117287, 23, '2021-09-29 14:32:15', NULL),
(1523, 'American Poetry: The Nineteenth Century (Melville to Stickney, American Indian Poetry, Folk Songs and Spirituals) (Library of America), Vol. 2', 7, 108, 9780940450783, 37, '2021-09-29 14:32:15', NULL),
(1524, 'Deaf Way II Anthology: A Literary Collection of Deaf and Hard of Hearing Writers', 7, 58, 9781563681271, 41, '2021-09-29 14:32:15', NULL),
(1525, 'American Short Story and Its Writer: An Anthology', 4, 114, 9780312191764, 21, '2021-09-29 14:32:15', NULL),
(1526, 'Orpheus and Company: Contemporary Poems on Greek Mythology', 5, 172, 9780874519181, 15, '2021-09-29 14:32:15', NULL),
(1527, 'Poems That Live Forever', 6, 16, 9780385003582, 9, '2021-09-29 14:32:15', NULL),
(1528, 'The Best American Nonrequired Reading 2008', 4, 382, 9780618902835, 27, '2021-09-29 14:32:15', NULL),
(1529, 'American Negro Poetry', 7, 301, 9780809015641, 47, '2021-09-29 14:32:15', NULL),
(1530, 'Paradise Road: Jack Kerouac\'s Lost Highway and My Search for America', 4, 205, 9780470237694, 12, '2021-09-29 14:32:15', NULL),
(1531, 'The Black Woman: An Anthology', 5, 19, 9780743476973, 22, '2021-09-29 14:32:15', NULL),
(1532, 'Thom Pain (based on nothing)', 5, 135, 9781559362757, 17, '2021-09-29 14:32:15', NULL),
(1533, 'American Fantastic Tales: Terror and the Uncanny from Poe to the Pulps', 5, 398, 9781598530476, 7, '2021-09-29 14:32:15', NULL),
(1534, '100 Poems by 100 Poets', 6, 150, 9780802132796, 12, '2021-09-29 14:32:15', NULL),
(1535, 'Chocolate Thoughts: Short Stories, Essays and Poetry from the Hearts and Minds of Real Black Men', 5, 242, 9781929642373, 9, '2021-09-29 14:32:15', NULL),
(1536, 'Oxford Anthology of African American Poetry', 6, 6, 9780195125634, 23, '2021-09-29 14:32:15', NULL),
(1537, 'Freedom in This Village: Twenty-Five Years of Black Gay Men\'s Writing, 1979 to the Present', 7, 162, 9780786713875, 35, '2021-09-29 14:32:15', NULL),
(1538, 'Bandana Republic: A Literary Anthology by Gang Members and Their Affliliates', 4, 23, 9781593761943, 50, '2021-09-29 14:32:15', NULL),
(1539, 'The Civil Rights Reader: American Literature from Jim Crow to Reconciliation', 5, 271, 9780820332253, 12, '2021-09-29 14:32:15', NULL),
(1540, 'American Sonnets: An Anthology', 7, 79, 9781598530155, 39, '2021-09-29 14:32:15', NULL),
(1541, 'Voices in First Person: Reflections on Latino Identity', 7, 279, 9781416906353, 30, '2021-09-29 14:32:15', NULL),
(1542, 'Montana Women Writers: A Geography of the Heart', 7, 25, 9781560373797, 26, '2021-09-29 14:32:15', NULL),
(1543, '81 Famous Poems', 5, 123, 9780945353829, 37, '2021-09-29 14:32:15', NULL),
(1544, 'Califauna: A Literary Field Guide', 6, 275, 9781597140492, 11, '2021-09-29 14:32:15', NULL),
(1545, 'Thousand and One Afternoons in Chicago', 7, 80, 9780226322742, 11, '2021-09-29 14:32:15', NULL),
(1546, 'Philadelphia Stories: America\'s Literature of Race and Freedom', 7, 324, 9780195395921, 46, '2021-09-29 14:32:15', NULL),
(1547, 'Voices of Black America: Historical Recordings of Poetry, Humor and Drama, 1908-1947', 7, 289, 9789626342480, 38, '2021-09-29 14:32:15', NULL),
(1548, 'The Wind Shifts: New Latino Poetry', 5, 349, 9780816524938, 39, '2021-09-29 14:32:15', NULL),
(1549, 'Slamma Lamma Ding Dong: An Anthology by Nebraska\'s Slam Poets', 6, 110, 9780595362974, 46, '2021-09-29 14:32:15', NULL),
(1550, 'Shadowed Dreams: Women\'s Poetry of the Harlem Renaissance', 4, 310, 9780813538860, 34, '2021-09-29 14:32:15', NULL),
(1551, 'Appalachia Inside Out: Conflict and Change, Vol. 1', 5, 189, 9780870498749, 9, '2021-09-29 14:32:15', NULL),
(1552, 'Writing Los Angeles: A Literary Anthology', 4, 47, 9781931082273, 28, '2021-09-29 14:32:15', NULL),
(1553, 'On Grandma\'s Porch: Stories and True Facts about Growing up Southern in the Good Old Days', 5, 380, 9780976876021, 21, '2021-09-29 14:32:15', NULL),
(1554, 'Tuscany in Mind', 6, 291, 9781400076758, 19, '2021-09-29 14:32:15', NULL),
(1555, 'Don\'t Squat With Yer Spurs On!: A Cowboy\'s Guide to Life', 7, 303, 9780879054700, 45, '2021-09-29 14:32:15', NULL),
(1556, 'Love and Marriage in Early African America', 4, 64, 9781555536770, 34, '2021-09-29 14:32:15', NULL),
(1557, 'Twenty One-Acts from the Twenty Years at the Humana Festival, 1975-1995', 7, 392, 9781880399989, 28, '2021-09-29 14:32:15', NULL),
(1558, 'American Austen: The Forgotten Writing of Agnes Repplier', 7, 116, 9781933859866, 38, '2021-09-29 14:32:15', NULL),
(1559, 'American Gothic: An Anthology 1787-1916 (Blackwell Anthologies Series)', 7, 243, 9780631206521, 6, '2021-09-29 14:32:15', NULL),
(1560, 'The Best American Poetry 2009', 5, 174, 9780743299763, 36, '2021-09-29 14:32:15', NULL),
(1561, 'Bold Words: A Century of Asian American Writing', 5, 188, 9780813529660, 34, '2021-09-29 14:32:15', NULL),
(1562, 'Another Way to Dance: Contemporqary Asian Poetry from Canada and the United States', 5, 164, 9780920661598, 19, '2021-09-29 14:32:15', NULL),
(1563, 'The Best American Poetry 2003', 4, 167, 9780743203883, 20, '2021-09-29 14:32:15', NULL),
(1564, 'Plays and Playwrights 2002', 4, 237, 9780967023434, 11, '2021-09-29 14:32:15', NULL),
(1565, 'Why Freedom Matters: The Spirit of the Declaration of Independence in Prose, Poetry, and Song from 1776 to the Present', 5, 40, 9780761131656, 19, '2021-09-29 14:32:15', NULL),
(1566, 'The Best American Short Plays 2006-2007', 4, 142, 9781557837479, 39, '2021-09-29 14:32:15', NULL),
(1567, 'Forced Passages: Imprisoned Radical Intellectuals and the U.S. Prison Regime', 6, 268, 9780816645619, 11, '2021-09-29 14:32:15', NULL),
(1568, 'Selected Works', 4, 164, 9780395980750, 18, '2021-09-29 14:32:15', NULL),
(1569, 'Getting Home Alive', 4, 135, 9780932379191, 7, '2021-09-29 14:32:15', NULL),
(1570, 'Twentieth-Century American Poetry', 5, 244, 9780072400199, 47, '2021-09-29 14:32:15', NULL),
(1571, 'Plays and Playwrights 2009', 4, 193, 9780979485220, 39, '2021-09-29 14:32:15', NULL),
(1572, 'Through the Eye of the Deer: An Anthology of Native American Women Writers', 6, 286, 9781879960589, 48, '2021-09-29 14:32:15', NULL),
(1573, 'Asian American Studies: A Reader', 5, 14, 9780813527260, 9, '2021-09-29 14:32:15', NULL),
(1574, 'Latinos in Lotusland: An Anthology of Contemporary Southern California Literature', 5, 60, 9781931010474, 26, '2021-09-29 14:32:15', NULL),
(1575, 'Daughters Of Decadence', 7, 56, 9780813520186, 6, '2021-09-29 14:32:15', NULL),
(1576, 'American Tradition in Literature : With American Ariel, Vol. 2', 7, 27, 9780073221533, 48, '2021-09-29 14:32:15', NULL),
(1577, 'Best American Nonrequired Reading 2005', 5, 73, 9780618570485, 23, '2021-09-29 14:32:15', NULL),
(1578, 'Sister Nations: Native American Women Writing on Community', 6, 147, 9780873514286, 15, '2021-09-29 14:32:15', NULL),
(1579, 'Asian-American Literature: A Brief Introduction and Anthology', 6, 262, 9780673469779, 33, '2021-09-29 14:32:15', NULL),
(1580, 'Black Silk: A Collection of African-American Erotica', 7, 142, 9780446676915, 15, '2021-09-29 14:32:15', NULL),
(1581, 'The Best Plays Theater Yearbook 2007-2008', 7, 245, 9780879103668, 30, '2021-09-29 14:32:15', NULL),
(1582, 'Damage Control: Women on the Therapists, Beauticians, and Trainers Who Navigate Their Bodies', 5, 269, 9780061175350, 17, '2021-09-29 14:32:15', NULL),
(1583, 'The Prentice Hall Anthology of Latino Literature', 6, 240, 9780130266873, 36, '2021-09-29 14:32:15', NULL),
(1584, 'The Norton Book of American Autobiography', 4, 36, 9780393046779, 27, '2021-09-29 14:32:15', NULL),
(1585, 'New Playwrights: The Best Plays of 2000', 4, 45, 9781575252490, 24, '2021-09-29 14:32:15', NULL),
(1586, 'Xerophilia: Ecocritical Explorations in Southwestern Literature', 7, 137, 9780896726383, 25, '2021-09-29 14:32:15', NULL),
(1587, 'The New Anthology of American Poetry: Volume I: Traditions and Revolutions, Beginnings to 1900', 5, 314, 9780813531625, 26, '2021-09-29 14:32:15', NULL),
(1588, 'Contemporary U. S. Latino a Literary Criticism', 6, 334, 9781403979995, 8, '2021-09-29 14:32:15', NULL),
(1589, 'Brother to Brother: New Writings by Black Gay Men', 4, 152, 9780978625115, 21, '2021-09-29 14:32:15', NULL),
(1590, 'The New World Border: Prophecies, Poems, and Loqueras for the End of the Century', 4, 144, 9780872863132, 29, '2021-09-29 14:32:15', NULL),
(1591, 'Literatura Chicana, 1965-1995: An Anthology in Spanish, English, and Calo, Vol. 191', 4, 42, 9780815320807, 39, '2021-09-29 14:32:15', NULL),
(1592, 'So Fey', 5, 271, 9781590212288, 41, '2021-09-29 14:32:15', NULL),
(1593, 'Imagined Transnationalism: U. S. Latino/A Literature, Culture, and Identity', 7, 339, 9780230606326, 7, '2021-09-29 14:32:15', NULL),
(1594, 'Literature and Aging: An Anthology', 7, 279, 9780873384667, 42, '2021-09-29 14:32:15', NULL),
(1595, 'Salaam. Peace: An Anthology of Middle Eastern-American Drama', 7, 159, 9781559363327, 15, '2021-09-29 14:32:15', NULL),
(1596, 'Plays and Playwrights 2008', 7, 328, 9780979485213, 25, '2021-09-29 14:32:15', NULL),
(1597, 'Call and Response: The Riverside Anthology of the African American Literary Tradition CD', 4, 10, 9780395875094, 30, '2021-09-29 14:32:15', NULL),
(1598, 'U.S. Latino Literature Today', 6, 370, 9780321198433, 6, '2021-09-29 14:32:15', NULL),
(1599, 'Death Defying Acts', 4, 97, 9780573695391, 23, '2021-09-29 14:32:15', NULL),
(1600, 'American Studies Anthology', 7, 377, 9780842028295, 38, '2021-09-29 14:32:15', NULL),
(1601, 'Women Heroes: Six Short Plays from the Women\'s Project', 5, 73, 9780936839226, 50, '2021-09-29 14:32:15', NULL),
(1602, 'Queer Beats: How the Beats Turned America On to Sex', 5, 45, 9781573441889, 18, '2021-09-29 14:32:15', NULL),
(1603, 'Message to Aztlan: Selected Readings', 7, 78, 9781558853317, 42, '2021-09-29 14:32:15', NULL);

-- --------------------------------------------------------

--
-- Tabelstructuur voor tabel `tblcategory`
--

CREATE TABLE `tblcategory` (
  `id` int(11) NOT NULL,
  `CategoryName` varchar(150) DEFAULT NULL,
  `Status` int(1) DEFAULT NULL,
  `CreationDate` timestamp NULL DEFAULT current_timestamp(),
  `UpdationDate` timestamp NULL DEFAULT '0000-00-00 00:00:00' ON UPDATE current_timestamp()
) ENGINE=InnoDB DEFAULT CHARSET=latin1;

--
-- Gegevens worden geëxporteerd voor tabel `tblcategory`
--

INSERT INTO `tblcategory` (`id`, `CategoryName`, `Status`, `CreationDate`, `UpdationDate`) VALUES
(4, 'Romantic', 1, '2017-07-04 18:35:25', '2017-07-06 16:00:42'),
(5, 'Technology', 1, '2017-07-04 18:35:39', '2017-07-08 17:13:03'),
(6, 'Science', 1, '2017-07-04 18:35:55', '0000-00-00 00:00:00'),
(7, 'Management', 0, '2017-07-04 18:36:16', '0000-00-00 00:00:00');

-- --------------------------------------------------------

--
-- Tabelstructuur voor tabel `tblissuedbookdetails`
--

CREATE TABLE `tblissuedbookdetails` (
  `id` int(11) NOT NULL,
  `BookId` int(11) DEFAULT NULL,
  `StudentID` varchar(150) DEFAULT NULL,
  `IssuesDate` timestamp NULL DEFAULT current_timestamp(),
  `ReturnDate` timestamp NULL DEFAULT NULL ON UPDATE current_timestamp(),
  `RetrunStatus` int(1) DEFAULT NULL,
  `fine` int(11) DEFAULT NULL
) ENGINE=InnoDB DEFAULT CHARSET=latin1;

--
-- Gegevens worden geëxporteerd voor tabel `tblissuedbookdetails`
--

INSERT INTO `tblissuedbookdetails` (`id`, `BookId`, `StudentID`, `IssuesDate`, `ReturnDate`, `RetrunStatus`, `fine`) VALUES
(1, 1, 'SID002', '2017-07-15 06:09:47', '2017-07-15 11:15:20', 1, 0),
(2, 1, 'SID002', '2017-07-15 06:12:27', '2017-07-15 11:15:23', 1, 5),
(3, 3, 'SID002', '2017-07-15 06:13:40', NULL, 0, NULL),
(4, 3, 'SID002', '2017-07-15 06:23:23', '2017-07-15 11:22:29', 1, 2),
(5, 1, 'SID009', '2017-07-15 10:59:26', NULL, 0, NULL),
(6, 3, 'SID011', '2017-07-15 18:02:55', NULL, 0, NULL);

-- --------------------------------------------------------

--
-- Tabelstructuur voor tabel `tblstudents`
--

CREATE TABLE `tblstudents` (
  `id` int(11) NOT NULL,
  `StudentId` varchar(100) DEFAULT NULL,
  `FullName` varchar(120) DEFAULT NULL,
  `EmailId` varchar(120) DEFAULT NULL,
  `MobileNumber` char(11) DEFAULT NULL,
  `Password` varchar(120) DEFAULT NULL,
  `Status` int(1) DEFAULT NULL,
  `RegDate` timestamp NULL DEFAULT current_timestamp(),
  `UpdationDate` timestamp NULL DEFAULT NULL ON UPDATE current_timestamp()
) ENGINE=InnoDB DEFAULT CHARSET=latin1;

--
-- Gegevens worden geëxporteerd voor tabel `tblstudents`
--

INSERT INTO `tblstudents` (`id`, `StudentId`, `FullName`, `EmailId`, `MobileNumber`, `Password`, `Status`, `RegDate`, `UpdationDate`) VALUES
(4, 'SID005', 'sdfsd', 'csfsd@dfsfks.com', '8569710025', '92228410fc8b872914e023160cf4ae8f', 0, '2017-07-11 15:41:27', '2017-07-15 17:43:03'),
(8, 'SID009', 'test', 'test@gmail.com', '2359874527', 'f925916e2754e5e03f75dd58a5733251', 1, '2017-07-11 15:58:28', '2017-07-15 13:42:44'),
(11, 'SID012', 'Thijs Herman', 'tc.herman@hotmail.com', '0637448468', 'cc03e747a6afbbcbf8be7668acfebee5', 1, '2021-09-29 15:25:40', NULL);

--
-- Indexen voor geëxporteerde tabellen
--

--
-- Indexen voor tabel `admin`
--
ALTER TABLE `admin`
  ADD PRIMARY KEY (`id`);

--
-- Indexen voor tabel `tblauthors`
--
ALTER TABLE `tblauthors`
  ADD PRIMARY KEY (`id`);

--
-- Indexen voor tabel `tblbooks`
--
ALTER TABLE `tblbooks`
  ADD PRIMARY KEY (`id`);

--
-- Indexen voor tabel `tblcategory`
--
ALTER TABLE `tblcategory`
  ADD PRIMARY KEY (`id`);

--
-- Indexen voor tabel `tblissuedbookdetails`
--
ALTER TABLE `tblissuedbookdetails`
  ADD PRIMARY KEY (`id`);

--
-- Indexen voor tabel `tblstudents`
--
ALTER TABLE `tblstudents`
  ADD PRIMARY KEY (`id`),
  ADD UNIQUE KEY `StudentId` (`StudentId`);

--
-- AUTO_INCREMENT voor geëxporteerde tabellen
--

--
-- AUTO_INCREMENT voor een tabel `admin`
--
ALTER TABLE `admin`
  MODIFY `id` int(11) NOT NULL AUTO_INCREMENT, AUTO_INCREMENT=2;

--
-- AUTO_INCREMENT voor een tabel `tblauthors`
--
ALTER TABLE `tblauthors`
  MODIFY `id` int(11) NOT NULL AUTO_INCREMENT, AUTO_INCREMENT=410;

--
-- AUTO_INCREMENT voor een tabel `tblbooks`
--
ALTER TABLE `tblbooks`
  MODIFY `id` int(11) NOT NULL AUTO_INCREMENT, AUTO_INCREMENT=1604;

--
-- AUTO_INCREMENT voor een tabel `tblcategory`
--
ALTER TABLE `tblcategory`
  MODIFY `id` int(11) NOT NULL AUTO_INCREMENT, AUTO_INCREMENT=8;

--
-- AUTO_INCREMENT voor een tabel `tblissuedbookdetails`
--
ALTER TABLE `tblissuedbookdetails`
  MODIFY `id` int(11) NOT NULL AUTO_INCREMENT, AUTO_INCREMENT=7;

--
-- AUTO_INCREMENT voor een tabel `tblstudents`
--
ALTER TABLE `tblstudents`
  MODIFY `id` int(11) NOT NULL AUTO_INCREMENT, AUTO_INCREMENT=12;
COMMIT;

/*!40101 SET CHARACTER_SET_CLIENT=@OLD_CHARACTER_SET_CLIENT */;
/*!40101 SET CHARACTER_SET_RESULTS=@OLD_CHARACTER_SET_RESULTS */;
/*!40101 SET COLLATION_CONNECTION=@OLD_COLLATION_CONNECTION */;
